exception_id,type,requester,approver,department,justification,start_date,end_date,status,risk_level,review_requested_date
EXC-0001,background_check_pending,paul.miller,it.director,IT Infrastructure,Disaster recovery drill access,2026-01-20,2026-04-01,EXPIRED,MEDIUM,
EXC-0002,vendor_access_waiver,noah.brown,manager.001,HR,Database migration support for project 741,2025-08-15,2025-10-03,REVOKED,HIGH,
EXC-0003,admin_access,grace.brown,platform.lead,Legal,New hire onboarding pending background check completion,2025-12-06,2026-04-25,ACTIVE,HIGH,
EXC-0004,admin_access,jack.clark,compliance.officer,Engineering,Vendor SOC 2 audit data extraction,2026-02-08,2026-05-04,ACTIVE,HIGH,
EXC-0005,encryption_waiver,mia.chen,it.director,Sales,Legacy system compatibility during migration to v960,2025-11-08,2026-05-03,ACTIVE,HIGH,
EXC-0006,data_access_exception,sara.doe,compliance.officer,IT Infrastructure,Production troubleshooting for incident INC-185,2025-11-20,2025-12-21,REVOKED,HIGH,
EXC-0007,vendor_access_waiver,infra.team,platform.lead,Sales,Vendor SOC 2 audit data extraction,2025-09-04,2026-04-19,ACTIVE,HIGH,
EXC-0008,encryption_waiver,olivia.doe,alice.smith,Legal,Business need,2026-02-25,2026-04-01,RENEWAL_REQUESTED,HIGH,2026-03-07
EXC-0009,firewall_rule_open,dev.lead,security.lead,Sales,Short-term fix,2025-06-12,2025-09-06,EXPIRED,MEDIUM,
EXC-0010,data_access_exception,kelly.garcia,bob.jones,Finance,Disaster recovery drill access,2026-03-29,2026-08-06,ACTIVE,HIGH,
EXC-0011,data_access_exception,frank.jones,manager.001,Operations,Emergency,2025-10-07,2026-06-25,ACTIVE,MEDIUM,
EXC-0012,vendor_access_waiver,security.ops,alice.smith,Security,Legacy system compatibility during migration to v851,2026-02-19,2026-07-18,ACTIVE,HIGH,
EXC-0013,dev_environment_exception,henry.lewis,it.director,Security,Quarterly penetration test access window,2025-09-27,2025-11-11,EXPIRED,LOW,
EXC-0014,encryption_waiver,grace.clark,compliance.officer,Legal,Legacy issue,2025-07-17,2025-10-01,EXPIRED,HIGH,
EXC-0015,encryption_waiver,jack.brown,ciso.office,Customer Support,Database migration support for project 761,2025-11-22,2026-07-30,ACTIVE,HIGH,
EXC-0016,vendor_access_waiver,john.jones,ciso.office,Sales,New hire onboarding pending background check completion,2025-11-29,2026-03-23,RENEWAL_REQUESTED,HIGH,2026-02-21
EXC-0017,encryption_waiver,paul.wilson,compliance.officer,Customer Support,Vendor SOC 2 audit data extraction,2026-02-25,2026-06-04,ACTIVE,HIGH,
EXC-0018,admin_access,victor.garcia,manager.001,Sales,Quarterly penetration test access window,2026-03-31,2026-04-30,ACTIVE,HIGH,
EXC-0019,firewall_rule_open,data.eng,alice.smith,Customer Support,Business need,2025-05-12,2025-08-04,REVOKED,MEDIUM,
EXC-0020,vendor_access_waiver,tom.lewis,bob.jones,Engineering,Integration with Partner Ltd API gateway,2026-02-21,2026-09-07,ACTIVE,HIGH,
EXC-0021,data_access_exception,ravi.smith,security.lead,Finance,Quarterly penetration test access window,2025-05-28,2025-07-12,EXPIRED,HIGH,
EXC-0022,dev_environment_exception,sara.chen,compliance.officer,Data & Analytics,Short-term fix,2026-03-31,2026-09-10,ACTIVE,LOW,
EXC-0023,admin_access,frank.kumar,ciso.office,Operations,Database migration support for project 398,2026-03-22,2026-05-02,ACTIVE,HIGH,
EXC-0024,admin_access,data.eng,it.director,Operations,Quarterly penetration test access window,2026-02-10,2026-03-21,REVOKED,HIGH,
EXC-0025,admin_access,tom.lee,ciso.office,Finance,Disaster recovery drill access,2026-01-18,2026-08-16,ACTIVE,HIGH,
EXC-0026,encryption_waiver,olivia.clark,bob.jones,IT Infrastructure,Production troubleshooting for incident INC-883,2026-01-22,2026-08-14,ACTIVE,HIGH,
EXC-0027,vendor_access_waiver,ravi.smith,security.lead,Data & Analytics,Database migration support for project 384,2025-07-16,2025-10-12,REVOKED,HIGH,
EXC-0028,vendor_access_waiver,bob.lewis,platform.lead,Security,Disaster recovery drill access,2025-11-27,2026-04-19,ACTIVE,HIGH,
EXC-0029,background_check_pending,alice.clark,bob.jones,Legal,Database migration support for project 523,2026-02-12,2026-05-14,ACTIVE,MEDIUM,
EXC-0030,admin_access,security.ops,it.director,Data & Analytics,New hire onboarding pending background check completion,2025-09-30,2026-04-18,ACTIVE,CRITICAL,
EXC-0031,firewall_rule_open,noah.lewis,bob.jones,Engineering,Business need,2025-12-11,2026-07-11,ACTIVE,MEDIUM,
EXC-0032,data_access_exception,tom.lee,it.director,HR,Disaster recovery drill access,2026-02-15,2026-04-17,ACTIVE,HIGH,
EXC-0033,firewall_rule_open,paul.lee,bob.jones,HR,Database migration support for project 986,2026-01-27,2026-08-20,ACTIVE,MEDIUM,
EXC-0034,firewall_rule_open,olivia.wilson,platform.lead,Customer Support,Disaster recovery drill access,2026-02-25,2026-06-20,ACTIVE,MEDIUM,
EXC-0035,firewall_rule_open,mia.smith,platform.lead,Data & Analytics,Disaster recovery drill access,2025-10-29,2025-12-20,ACTIVE,HIGH,
EXC-0036,data_access_exception,dave.miller,bob.jones,Data & Analytics,Quarterly penetration test access window,2025-11-04,2026-05-29,ACTIVE,HIGH,
EXC-0037,encryption_waiver,leo.jones,platform.lead,Customer Support,New hire onboarding pending background check completion,2026-04-10,2026-05-09,ACTIVE,HIGH,
EXC-0038,vendor_access_waiver,irene.chen,bob.jones,Security,Integration with Partner Ltd API gateway,2025-11-28,2026-01-02,REVOKED,HIGH,
EXC-0039,admin_access,dev.lead,ciso.office,Legal,Disaster recovery drill access,2026-03-16,2026-06-10,ACTIVE,HIGH,
EXC-0040,dev_environment_exception,olivia.lee,manager.001,Data & Analytics,Database migration support for project 361,2025-04-19,2025-05-28,ACTIVE,CRITICAL,
EXC-0041,data_access_exception,bob.clark,platform.lead,IT Infrastructure,Emergency,2025-12-04,2026-06-19,ACTIVE,HIGH,
EXC-0042,firewall_rule_open,olivia.patel,manager.001,Security,Short-term fix,2026-01-15,2026-06-24,ACTIVE,MEDIUM,
EXC-0043,background_check_pending,alice.lewis,ciso.office,Sales,Legacy system compatibility during migration to v743,2025-06-10,2026-07-13,ACTIVE,HIGH,
EXC-0044,admin_access,tom.smith,ciso.office,Data & Analytics,New hire onboarding pending background check completion,2025-12-04,2026-08-23,ACTIVE,HIGH,
EXC-0045,firewall_rule_open,kelly.brown,security.lead,HR,Temporary issue,2026-01-15,2026-05-29,ACTIVE,MEDIUM,
EXC-0046,admin_access,uma.moore,platform.lead,Operations,Production troubleshooting for incident INC-370,2025-12-03,2026-07-05,ACTIVE,HIGH,
EXC-0047,data_access_exception,henry.moore,platform.lead,Operations,Database migration support for project 125,2025-08-06,2026-05-18,ACTIVE,HIGH,
EXC-0048,admin_access,noah.davis,compliance.officer,Operations,Disaster recovery drill access,2026-01-17,2026-09-10,ACTIVE,HIGH,
EXC-0049,data_access_exception,infra.team,security.lead,Security,New hire onboarding pending background check completion,2026-02-13,2026-06-16,ACTIVE,HIGH,
EXC-0050,background_check_pending,security.ops,platform.lead,Engineering,Production troubleshooting for incident INC-151,2025-12-02,2026-08-10,ACTIVE,MEDIUM,
EXC-0051,background_check_pending,qa.team,manager.001,Operations,Production troubleshooting for incident INC-383,2026-03-31,2026-06-22,ACTIVE,MEDIUM,
EXC-0052,background_check_pending,dave.brown,security.lead,Operations,Legacy issue,2025-11-04,2026-06-30,ACTIVE,MEDIUM,
EXC-0053,admin_access,infra.team,bob.jones,Operations,Short-term fix,2026-03-12,2026-08-06,ACTIVE,HIGH,
EXC-0054,dev_environment_exception,dev.lead,alice.smith,Data & Analytics,Operational requirement,2025-11-28,2026-09-12,ACTIVE,LOW,
EXC-0055,firewall_rule_open,data.eng,platform.lead,Security,Quarterly penetration test access window,2026-01-06,2026-04-10,RENEWAL_REQUESTED,MEDIUM,2026-02-23
EXC-0056,data_access_exception,ops.team,manager.001,Security,New hire onboarding pending background check completion,2025-12-26,2026-03-09,RENEWAL_REQUESTED,HIGH,2026-03-04
EXC-0057,data_access_exception,carol.miller,compliance.officer,Legal,Vendor SOC 2 audit data extraction,2025-12-10,2026-05-31,ACTIVE,HIGH,
EXC-0058,background_check_pending,dev.lead,platform.lead,Operations,New hire onboarding pending background check completion,2025-11-14,2026-06-02,ACTIVE,MEDIUM,
EXC-0059,firewall_rule_open,grace.patel,platform.lead,Customer Support,Production troubleshooting for incident INC-723,2025-09-08,2026-07-20,ACTIVE,HIGH,
EXC-0060,vendor_access_waiver,henry.doe,security.lead,HR,Integration with Partner Ltd API gateway,2026-01-26,2026-07-31,ACTIVE,HIGH,
EXC-0061,firewall_rule_open,john.jones,manager.001,Security,Production troubleshooting for incident INC-259,2025-12-11,2026-04-22,ACTIVE,MEDIUM,
EXC-0062,firewall_rule_open,alice.jones,ciso.office,Data & Analytics,Database migration support for project 721,2025-11-27,2026-02-02,REVOKED,MEDIUM,
EXC-0063,firewall_rule_open,carol.wilson,compliance.officer,Operations,Emergency,2025-09-13,2026-12-06,ACTIVE,HIGH,
EXC-0064,dev_environment_exception,platform.eng,ciso.office,Sales,Legacy system compatibility during migration to v489,2026-01-14,2026-08-23,ACTIVE,LOW,
EXC-0065,dev_environment_exception,paul.wilson,bob.jones,Security,Production troubleshooting for incident INC-546,2025-04-24,2025-07-05,EXPIRED,LOW,
EXC-0066,background_check_pending,infra.team,compliance.officer,Security,Emergency,2025-09-17,2025-11-27,RENEWAL_REQUESTED,MEDIUM,2025-11-09
EXC-0067,background_check_pending,noah.wilson,bob.jones,Security,Legacy issue,2025-08-04,2026-09-13,ACTIVE,MEDIUM,
EXC-0068,vendor_access_waiver,security.ops,security.lead,Operations,Legacy system compatibility during migration to v341,2026-03-16,2026-04-28,ACTIVE,HIGH,
EXC-0069,admin_access,platform.eng,security.lead,IT Infrastructure,Operational requirement,2025-05-04,2026-07-14,ACTIVE,HIGH,
EXC-0070,background_check_pending,uma.miller,platform.lead,Finance,Database migration support for project 552,2025-09-17,2025-11-05,EXPIRED,MEDIUM,
EXC-0071,encryption_waiver,irene.clark,it.director,Engineering,Legacy issue,2025-05-24,2025-06-18,REVOKED,HIGH,
EXC-0072,data_access_exception,wendy.smith,it.director,IT Infrastructure,Vendor SOC 2 audit data extraction,2025-12-14,2026-03-02,EXPIRED,HIGH,
EXC-0073,admin_access,jack.jones,security.lead,Engineering,Emergency,2025-11-25,2026-02-14,EXPIRED,HIGH,
EXC-0074,encryption_waiver,data.eng,compliance.officer,Security,Production troubleshooting for incident INC-908,2025-10-03,2025-10-25,REVOKED,HIGH,
EXC-0075,admin_access,leo.davis,ciso.office,IT Infrastructure,Disaster recovery drill access,2025-11-21,2026-08-11,ACTIVE,HIGH,
EXC-0076,firewall_rule_open,bob.davis,compliance.officer,Legal,Integration with Partner Ltd API gateway,2025-11-17,2026-02-04,REVOKED,MEDIUM,
EXC-0077,admin_access,qa.team,manager.001,Legal,Production troubleshooting for incident INC-777,2025-12-28,2026-09-05,ACTIVE,HIGH,
EXC-0078,encryption_waiver,sara.lee,compliance.officer,Finance,Short-term fix,2026-02-18,2026-04-10,RENEWAL_REQUESTED,HIGH,2026-03-14
EXC-0079,admin_access,uma.chen,it.director,IT Infrastructure,Database migration support for project 955,2026-02-23,2026-04-29,ACTIVE,HIGH,
EXC-0080,firewall_rule_open,release.mgmt,it.director,HR,Disaster recovery drill access,2025-10-23,2025-12-17,RENEWAL_REQUESTED,MEDIUM,2025-12-07
EXC-0081,background_check_pending,release.mgmt,platform.lead,Customer Support,Integration with Partner Ltd API gateway,2025-11-23,2026-01-02,RENEWAL_REQUESTED,MEDIUM,2026-03-10
EXC-0082,firewall_rule_open,qa.team,compliance.officer,Operations,New hire onboarding pending background check completion,2025-12-01,2026-01-02,ACTIVE,HIGH,
EXC-0083,data_access_exception,security.ops,manager.001,Security,Vendor SOC 2 audit data extraction,2025-06-11,2026-06-04,ACTIVE,MEDIUM,
EXC-0084,background_check_pending,dev.lead,ciso.office,Data & Analytics,Legacy system compatibility during migration to v877,2025-12-11,2026-02-20,EXPIRED,MEDIUM,
EXC-0085,admin_access,platform.eng,security.lead,Customer Support,Disaster recovery drill access,2025-06-10,2025-07-30,EXPIRED,HIGH,
EXC-0086,encryption_waiver,platform.eng,compliance.officer,IT Infrastructure,New hire onboarding pending background check completion,2025-08-20,2026-12-07,ACTIVE,MEDIUM,
EXC-0087,vendor_access_waiver,infra.team,alice.smith,IT Infrastructure,Disaster recovery drill access,2025-07-19,2025-09-09,ACTIVE,HIGH,
EXC-0088,dev_environment_exception,bob.doe,compliance.officer,Data & Analytics,Vendor SOC 2 audit data extraction,2026-02-04,2026-04-23,ACTIVE,LOW,
EXC-0089,firewall_rule_open,tom.patel,platform.lead,Finance,Operational requirement,2025-10-05,2025-11-10,REVOKED,MEDIUM,
EXC-0090,vendor_access_waiver,emma.lee,bob.jones,Data & Analytics,Temporary issue,2025-05-07,2025-06-15,EXPIRED,HIGH,
EXC-0091,encryption_waiver,paul.moore,it.director,HR,Vendor SOC 2 audit data extraction,2025-12-19,2026-07-01,ACTIVE,HIGH,
EXC-0092,data_access_exception,wendy.clark,compliance.officer,Legal,Disaster recovery drill access,2026-03-08,2026-06-06,ACTIVE,HIGH,
EXC-0093,admin_access,emma.davis,platform.lead,Operations,Database migration support for project 459,2026-01-15,2026-07-02,ACTIVE,HIGH,
EXC-0094,data_access_exception,security.ops,compliance.officer,HR,Production troubleshooting for incident INC-176,2026-01-11,2026-06-23,ACTIVE,CRITICAL,
EXC-0095,encryption_waiver,wendy.garcia,alice.smith,Finance,Database migration support for project 135,2025-06-18,2025-07-10,EXPIRED,HIGH,
EXC-0096,background_check_pending,kelly.moore,alice.smith,IT Infrastructure,Emergency,2025-10-21,2025-12-21,REVOKED,MEDIUM,
EXC-0097,background_check_pending,qa.team,platform.lead,Security,Legacy issue,2025-11-14,2025-12-28,RENEWAL_REQUESTED,MEDIUM,2025-11-27
EXC-0098,vendor_access_waiver,infra.team,bob.jones,HR,Database migration support for project 319,2025-09-08,2025-11-23,EXPIRED,HIGH,
EXC-0099,data_access_exception,ops.team,it.director,Finance,Database migration support for project 189,2025-10-09,2026-05-25,ACTIVE,HIGH,
EXC-0100,dev_environment_exception,data.eng,security.lead,Finance,New hire onboarding pending background check completion,2025-06-16,2025-07-25,EXPIRED,LOW,
EXC-0101,firewall_rule_open,john.wilson,platform.lead,Data & Analytics,Legacy system compatibility during migration to v726,2025-05-29,2025-06-20,REVOKED,MEDIUM,
EXC-0102,data_access_exception,wendy.lewis,compliance.officer,Security,Integration with Partner Ltd API gateway,2025-06-18,2025-08-11,EXPIRED,HIGH,
EXC-0103,data_access_exception,paul.wilson,security.lead,Customer Support,Legacy system compatibility during migration to v411,2025-05-18,2026-07-13,ACTIVE,MEDIUM,
EXC-0104,firewall_rule_open,platform.eng,platform.lead,Customer Support,Integration with Partner Ltd API gateway,2026-01-04,2026-06-05,ACTIVE,MEDIUM,
EXC-0105,dev_environment_exception,ravi.lee,security.lead,IT Infrastructure,Quarterly penetration test access window,2026-03-25,2026-05-25,ACTIVE,LOW,
EXC-0106,vendor_access_waiver,infra.team,alice.smith,Data & Analytics,Quarterly penetration test access window,2026-02-23,2026-05-02,RENEWAL_REQUESTED,HIGH,2026-03-12
EXC-0107,encryption_waiver,uma.moore,ciso.office,Data & Analytics,Business need,2025-11-26,2026-07-10,ACTIVE,HIGH,
EXC-0108,data_access_exception,jack.lee,platform.lead,Legal,Integration with Partner Ltd API gateway,2025-07-26,2026-04-18,ACTIVE,HIGH,
EXC-0109,admin_access,ops.team,ciso.office,Data & Analytics,Business need,2025-09-10,2026-04-16,ACTIVE,HIGH,
EXC-0110,background_check_pending,grace.garcia,platform.lead,IT Infrastructure,New hire onboarding pending background check completion,2025-07-05,2025-09-20,REVOKED,MEDIUM,
EXC-0111,data_access_exception,olivia.doe,bob.jones,Security,Database migration support for project 392,2025-12-26,2026-07-22,ACTIVE,HIGH,
EXC-0112,dev_environment_exception,ops.team,compliance.officer,Finance,Vendor SOC 2 audit data extraction,2025-11-07,2026-01-06,EXPIRED,LOW,
EXC-0113,data_access_exception,platform.eng,platform.lead,Customer Support,Emergency,2026-01-19,2026-04-16,RENEWAL_REQUESTED,HIGH,2026-03-05
EXC-0114,encryption_waiver,sara.patel,security.lead,Operations,Disaster recovery drill access,2026-03-23,2026-04-17,ACTIVE,HIGH,
EXC-0115,encryption_waiver,dev.lead,security.lead,Legal,Database migration support for project 252,2025-09-29,2026-07-02,ACTIVE,HIGH,
EXC-0116,encryption_waiver,data.eng,platform.lead,Customer Support,Vendor SOC 2 audit data extraction,2025-09-06,2026-08-25,ACTIVE,HIGH,
EXC-0117,encryption_waiver,mia.davis,alice.smith,IT Infrastructure,New hire onboarding pending background check completion,2025-05-11,2025-06-27,ACTIVE,CRITICAL,
EXC-0118,firewall_rule_open,wendy.moore,security.lead,Sales,Short-term fix,2025-10-10,2025-12-03,RENEWAL_REQUESTED,MEDIUM,2025-10-24
EXC-0119,data_access_exception,qa.team,compliance.officer,Sales,Database migration support for project 638,2025-11-16,2026-06-30,ACTIVE,HIGH,
EXC-0120,data_access_exception,qa.team,it.director,Customer Support,Legacy issue,2026-03-10,2026-04-06,ACTIVE,CRITICAL,
EXC-0121,firewall_rule_open,henry.davis,manager.001,HR,Quarterly penetration test access window,2026-03-06,2026-07-19,ACTIVE,MEDIUM,
EXC-0122,encryption_waiver,infra.team,compliance.officer,Legal,Database migration support for project 319,2025-11-11,2026-07-15,ACTIVE,HIGH,
EXC-0123,firewall_rule_open,henry.brown,security.lead,Operations,New hire onboarding pending background check completion,2025-09-24,2026-06-06,ACTIVE,CRITICAL,
EXC-0124,encryption_waiver,platform.eng,alice.smith,Operations,Database migration support for project 202,2025-04-17,2026-04-30,ACTIVE,HIGH,
EXC-0125,data_access_exception,olivia.lewis,manager.001,HR,Production troubleshooting for incident INC-279,2025-04-30,2026-07-07,ACTIVE,MEDIUM,
EXC-0126,data_access_exception,emma.smith,compliance.officer,Data & Analytics,Vendor SOC 2 audit data extraction,2026-01-14,2026-05-23,ACTIVE,HIGH,
EXC-0127,encryption_waiver,tom.lewis,security.lead,Customer Support,Quarterly penetration test access window,2025-05-13,2026-05-17,ACTIVE,MEDIUM,
EXC-0128,vendor_access_waiver,security.ops,ciso.office,IT Infrastructure,Disaster recovery drill access,2025-12-15,2026-05-09,ACTIVE,HIGH,
EXC-0129,vendor_access_waiver,qa.team,it.director,Legal,Production troubleshooting for incident INC-367,2025-12-19,2026-02-17,RENEWAL_REQUESTED,HIGH,2026-02-24
EXC-0130,data_access_exception,security.ops,ciso.office,IT Infrastructure,Production troubleshooting for incident INC-367,2025-08-13,2026-06-01,ACTIVE,HIGH,
EXC-0131,admin_access,emma.moore,ciso.office,Operations,Quarterly penetration test access window,2025-10-20,2025-12-01,EXPIRED,HIGH,
EXC-0132,firewall_rule_open,noah.wilson,compliance.officer,Customer Support,New hire onboarding pending background check completion,2025-08-19,2025-11-17,EXPIRED,MEDIUM,
EXC-0133,dev_environment_exception,victor.wilson,bob.jones,IT Infrastructure,Database migration support for project 219,2026-03-10,2026-06-10,ACTIVE,LOW,
EXC-0134,vendor_access_waiver,release.mgmt,bob.jones,Customer Support,Emergency,2025-12-04,2026-05-02,ACTIVE,HIGH,
EXC-0135,vendor_access_waiver,wendy.doe,compliance.officer,HR,New hire onboarding pending background check completion,2026-02-05,2026-02-28,EXPIRED,HIGH,
EXC-0136,data_access_exception,ops.team,alice.smith,Operations,Disaster recovery drill access,2026-01-13,2026-05-01,ACTIVE,HIGH,
EXC-0137,encryption_waiver,leo.clark,compliance.officer,Security,Disaster recovery drill access,2026-03-19,2026-06-11,ACTIVE,HIGH,
EXC-0138,dev_environment_exception,platform.eng,alice.smith,Engineering,Database migration support for project 789,2026-01-18,2026-03-27,REVOKED,LOW,
EXC-0139,background_check_pending,release.mgmt,platform.lead,Finance,Short-term fix,2025-06-11,2025-06-29,REVOKED,MEDIUM,
EXC-0140,dev_environment_exception,john.chen,manager.001,Operations,New hire onboarding pending background check completion,2026-02-23,2026-07-15,ACTIVE,LOW,
EXC-0141,background_check_pending,alice.lee,ciso.office,Sales,Vendor SOC 2 audit data extraction,2026-02-04,2026-05-05,REVOKED,MEDIUM,
EXC-0142,firewall_rule_open,qa.team,manager.001,Security,Business need,2025-12-13,2026-06-04,ACTIVE,CRITICAL,
EXC-0143,vendor_access_waiver,olivia.smith,platform.lead,Security,Vendor SOC 2 audit data extraction,2025-11-14,2026-01-19,EXPIRED,HIGH,
EXC-0144,encryption_waiver,release.mgmt,manager.001,Sales,Legacy system compatibility during migration to v497,2025-12-07,2026-07-11,ACTIVE,HIGH,
EXC-0145,firewall_rule_open,security.ops,bob.jones,Data & Analytics,Integration with Partner Ltd API gateway,2026-01-27,2026-03-22,RENEWAL_REQUESTED,MEDIUM,2026-02-09
EXC-0146,encryption_waiver,dev.lead,bob.jones,Sales,Production troubleshooting for incident INC-316,2026-03-03,2026-05-28,ACTIVE,HIGH,
EXC-0147,firewall_rule_open,carol.lewis,manager.001,IT Infrastructure,Disaster recovery drill access,2025-08-15,2025-11-07,REVOKED,MEDIUM,
EXC-0148,background_check_pending,release.mgmt,platform.lead,HR,Disaster recovery drill access,2026-03-08,2026-06-15,ACTIVE,MEDIUM,
EXC-0149,admin_access,grace.lee,alice.smith,HR,Disaster recovery drill access,2025-10-07,2026-05-07,ACTIVE,CRITICAL,
EXC-0150,data_access_exception,platform.eng,it.director,Customer Support,Vendor SOC 2 audit data extraction,2025-12-21,2026-10-01,ACTIVE,HIGH,
EXC-0151,vendor_access_waiver,emma.wilson,security.lead,Finance,Database migration support for project 288,2026-01-28,2026-05-20,RENEWAL_REQUESTED,HIGH,2026-02-10
EXC-0152,dev_environment_exception,ops.team,alice.smith,Engineering,New hire onboarding pending background check completion,2025-09-29,2026-01-27,RENEWAL_REQUESTED,LOW,2025-11-16
EXC-0153,vendor_access_waiver,release.mgmt,platform.lead,Engineering,Database migration support for project 775,2025-04-23,2026-05-24,ACTIVE,HIGH,
EXC-0154,dev_environment_exception,john.brown,ciso.office,Engineering,Disaster recovery drill access,2025-07-15,2025-08-11,EXPIRED,LOW,
EXC-0155,dev_environment_exception,platform.eng,ciso.office,Legal,Temporary issue,2025-05-05,2026-05-31,ACTIVE,HIGH,
EXC-0156,vendor_access_waiver,ops.team,alice.smith,Operations,Disaster recovery drill access,2025-12-12,2026-06-11,ACTIVE,CRITICAL,
EXC-0157,admin_access,victor.garcia,bob.jones,Data & Analytics,Vendor SOC 2 audit data extraction,2026-02-03,2026-03-17,RENEWAL_REQUESTED,HIGH,2026-03-13
EXC-0158,dev_environment_exception,grace.kumar,it.director,HR,Business need,2026-01-15,2026-05-26,ACTIVE,CRITICAL,
EXC-0159,dev_environment_exception,alice.garcia,platform.lead,Engineering,Disaster recovery drill access,2026-02-10,2026-06-01,ACTIVE,LOW,
EXC-0160,admin_access,jack.moore,security.lead,Operations,Vendor SOC 2 audit data extraction,2025-06-04,2026-05-04,ACTIVE,HIGH,
EXC-0161,background_check_pending,infra.team,platform.lead,Engineering,Disaster recovery drill access,2025-12-29,2026-06-12,ACTIVE,MEDIUM,
EXC-0162,admin_access,irene.chen,bob.jones,Operations,Emergency,2026-02-21,2026-04-11,RENEWAL_REQUESTED,HIGH,2026-03-14
EXC-0163,data_access_exception,ops.team,bob.jones,Engineering,Emergency,2025-06-23,2026-05-11,ACTIVE,MEDIUM,
EXC-0164,dev_environment_exception,mia.patel,alice.smith,Operations,Integration with Partner Ltd API gateway,2026-02-11,2026-05-28,RENEWAL_REQUESTED,LOW,2026-03-03
EXC-0165,background_check_pending,data.eng,compliance.officer,Security,New hire onboarding pending background check completion,2025-12-17,2026-06-28,ACTIVE,CRITICAL,
EXC-0166,firewall_rule_open,emma.lee,ciso.office,HR,Integration with Partner Ltd API gateway,2025-11-17,2026-06-27,ACTIVE,MEDIUM,
EXC-0167,encryption_waiver,platform.eng,it.director,IT Infrastructure,Vendor SOC 2 audit data extraction,2025-12-05,2026-09-04,ACTIVE,HIGH,
EXC-0168,data_access_exception,qa.team,ciso.office,Legal,New hire onboarding pending background check completion,2025-12-16,2026-02-08,EXPIRED,HIGH,
EXC-0169,data_access_exception,irene.lewis,manager.001,Legal,Legacy system compatibility during migration to v798,2026-02-02,2026-08-03,ACTIVE,HIGH,
EXC-0170,background_check_pending,wendy.clark,manager.001,Data & Analytics,Legacy system compatibility during migration to v832,2026-02-13,2026-06-19,ACTIVE,MEDIUM,
EXC-0171,data_access_exception,bob.clark,it.director,IT Infrastructure,Integration with Partner Ltd API gateway,2026-03-20,2026-08-04,ACTIVE,HIGH,
EXC-0172,admin_access,uma.wilson,security.lead,IT Infrastructure,Short-term fix,2025-11-05,2025-12-31,REVOKED,HIGH,
EXC-0173,admin_access,data.eng,manager.001,Customer Support,Short-term fix,2025-08-07,2026-09-02,ACTIVE,HIGH,
EXC-0174,dev_environment_exception,dave.wilson,alice.smith,Data & Analytics,New hire onboarding pending background check completion,2025-11-22,2026-06-28,ACTIVE,LOW,
EXC-0175,dev_environment_exception,olivia.patel,it.director,Data & Analytics,Legacy issue,2025-09-23,2026-01-21,RENEWAL_REQUESTED,LOW,2025-11-01
EXC-0176,vendor_access_waiver,tom.patel,security.lead,Sales,Legacy system compatibility during migration to v438,2025-12-07,2026-06-04,ACTIVE,HIGH,
EXC-0177,background_check_pending,emma.garcia,compliance.officer,Security,New hire onboarding pending background check completion,2025-12-21,2026-05-20,ACTIVE,MEDIUM,
EXC-0178,encryption_waiver,bob.patel,security.lead,Legal,Vendor SOC 2 audit data extraction,2025-11-30,2026-05-02,ACTIVE,HIGH,
EXC-0179,dev_environment_exception,infra.team,bob.jones,Legal,Temporary issue,2025-12-15,2026-06-02,ACTIVE,LOW,
EXC-0180,encryption_waiver,data.eng,bob.jones,Finance,Legacy system compatibility during migration to v623,2025-10-30,2026-01-05,EXPIRED,HIGH,
EXC-0181,dev_environment_exception,qa.team,it.director,Customer Support,Legacy system compatibility during migration to v668,2025-10-24,2026-01-24,RENEWAL_REQUESTED,LOW,2026-01-15
EXC-0182,firewall_rule_open,release.mgmt,alice.smith,Legal,Database migration support for project 239,2025-07-23,2025-08-26,ACTIVE,CRITICAL,
EXC-0183,data_access_exception,mia.clark,it.director,Finance,Business need,2025-08-05,2025-09-02,ACTIVE,HIGH,
EXC-0184,encryption_waiver,data.eng,security.lead,Data & Analytics,Vendor SOC 2 audit data extraction,2026-03-11,2026-05-17,ACTIVE,HIGH,
EXC-0185,encryption_waiver,alice.clark,manager.001,Security,Short-term fix,2025-09-14,2026-05-18,ACTIVE,HIGH,
EXC-0186,encryption_waiver,ops.team,it.director,Operations,Legacy system compatibility during migration to v903,2025-12-24,2026-06-11,ACTIVE,HIGH,
EXC-0187,firewall_rule_open,alice.wilson,ciso.office,IT Infrastructure,Vendor SOC 2 audit data extraction,2025-09-11,2025-11-01,REVOKED,MEDIUM,
EXC-0188,background_check_pending,uma.patel,security.lead,Security,Quarterly penetration test access window,2026-02-26,2026-04-13,RENEWAL_REQUESTED,MEDIUM,2026-03-10
EXC-0189,firewall_rule_open,security.ops,manager.001,Security,Short-term fix,2025-09-22,2026-11-08,ACTIVE,HIGH,
EXC-0190,background_check_pending,bob.moore,ciso.office,Legal,Database migration support for project 435,2026-02-06,2026-02-20,EXPIRED,MEDIUM,
EXC-0191,vendor_access_waiver,tom.wilson,bob.jones,Customer Support,Legacy system compatibility during migration to v679,2025-12-25,2026-07-02,ACTIVE,HIGH,
EXC-0192,background_check_pending,jack.smith,alice.smith,Operations,Database migration support for project 116,2025-06-17,2025-07-21,REVOKED,MEDIUM,
EXC-0193,data_access_exception,infra.team,manager.001,Finance,Short-term fix,2025-12-11,2026-06-21,ACTIVE,HIGH,
EXC-0194,vendor_access_waiver,infra.team,ciso.office,Sales,Database migration support for project 109,2025-11-25,2026-06-05,ACTIVE,HIGH,
EXC-0195,admin_access,carol.taylor,security.lead,Data & Analytics,Disaster recovery drill access,2025-11-23,2026-09-09,ACTIVE,HIGH,
EXC-0196,background_check_pending,dave.lee,bob.jones,Customer Support,Legacy system compatibility during migration to v550,2025-10-11,2025-12-06,ACTIVE,HIGH,
EXC-0197,vendor_access_waiver,mia.clark,manager.001,Operations,Legacy system compatibility during migration to v870,2025-06-17,2025-09-14,REVOKED,HIGH,
EXC-0198,encryption_waiver,jack.lee,manager.001,HR,Quarterly penetration test access window,2026-03-22,2026-09-05,ACTIVE,HIGH,
EXC-0199,firewall_rule_open,paul.kumar,compliance.officer,HR,Production troubleshooting for incident INC-469,2026-03-07,2026-08-09,ACTIVE,MEDIUM,
EXC-0200,encryption_waiver,infra.team,platform.lead,Customer Support,Database migration support for project 888,2025-05-22,2025-06-02,ACTIVE,HIGH,
EXC-0201,admin_access,dev.lead,alice.smith,Security,Disaster recovery drill access,2025-11-17,2026-01-10,ACTIVE,CRITICAL,
EXC-0202,admin_access,quinn.lee,ciso.office,Operations,Operational requirement,2025-07-28,2025-08-30,REVOKED,HIGH,
EXC-0203,admin_access,tom.jones,ciso.office,Security,New hire onboarding pending background check completion,2025-08-18,2026-05-17,ACTIVE,HIGH,
EXC-0204,admin_access,sara.smith,ciso.office,Finance,Short-term fix,2025-06-24,2025-07-09,EXPIRED,HIGH,
EXC-0205,data_access_exception,paul.brown,security.lead,Legal,Legacy issue,2025-06-14,2025-07-01,REVOKED,HIGH,
EXC-0206,data_access_exception,paul.jones,ciso.office,IT Infrastructure,Database migration support for project 566,2025-05-13,2026-06-13,ACTIVE,HIGH,
EXC-0207,dev_environment_exception,qa.team,ciso.office,Operations,Integration with Partner Ltd API gateway,2025-08-09,2025-10-27,EXPIRED,LOW,
EXC-0208,admin_access,john.chen,alice.smith,Data & Analytics,Legacy system compatibility during migration to v283,2026-03-19,2026-05-27,ACTIVE,CRITICAL,
EXC-0209,dev_environment_exception,victor.taylor,manager.001,Legal,Integration with Partner Ltd API gateway,2025-07-05,2026-06-08,ACTIVE,MEDIUM,
EXC-0210,dev_environment_exception,alice.garcia,manager.001,Customer Support,Disaster recovery drill access,2025-09-29,2025-12-27,RENEWAL_REQUESTED,LOW,2025-12-20
EXC-0211,background_check_pending,jack.jones,it.director,Engineering,Quarterly penetration test access window,2025-12-15,2026-05-01,ACTIVE,CRITICAL,
EXC-0212,encryption_waiver,noah.wilson,it.director,Sales,New hire onboarding pending background check completion,2025-04-18,2026-04-21,ACTIVE,HIGH,
EXC-0213,firewall_rule_open,tom.doe,platform.lead,Engineering,Production troubleshooting for incident INC-245,2026-01-18,2026-07-12,ACTIVE,MEDIUM,
EXC-0214,vendor_access_waiver,dev.lead,manager.001,Customer Support,Vendor SOC 2 audit data extraction,2025-11-18,2026-06-01,ACTIVE,CRITICAL,
EXC-0215,admin_access,tom.moore,bob.jones,IT Infrastructure,Disaster recovery drill access,2026-01-09,2026-05-10,ACTIVE,CRITICAL,
EXC-0216,encryption_waiver,security.ops,compliance.officer,Legal,Legacy issue,2025-08-12,2025-09-04,EXPIRED,HIGH,
EXC-0217,firewall_rule_open,ravi.patel,security.lead,Operations,Emergency,2025-12-01,2026-02-21,RENEWAL_REQUESTED,MEDIUM,2025-12-26
EXC-0218,dev_environment_exception,platform.eng,it.director,HR,Production troubleshooting for incident INC-320,2025-11-24,2026-09-02,ACTIVE,LOW,
EXC-0219,background_check_pending,dave.jones,manager.001,Legal,New hire onboarding pending background check completion,2026-01-16,2026-07-10,ACTIVE,MEDIUM,
EXC-0220,admin_access,dave.patel,alice.smith,Engineering,Integration with Partner Ltd API gateway,2025-12-04,2026-08-15,ACTIVE,HIGH,
EXC-0221,dev_environment_exception,bob.doe,bob.jones,Sales,Production troubleshooting for incident INC-272,2025-12-03,2026-05-25,ACTIVE,LOW,
EXC-0222,dev_environment_exception,wendy.moore,it.director,Engineering,Disaster recovery drill access,2025-07-12,2025-08-13,ACTIVE,HIGH,
EXC-0223,firewall_rule_open,release.mgmt,security.lead,Engineering,Emergency,2026-01-15,2026-05-27,ACTIVE,MEDIUM,
EXC-0224,firewall_rule_open,tom.chen,alice.smith,Security,Operational requirement,2025-08-15,2026-12-06,ACTIVE,HIGH,
EXC-0225,admin_access,data.eng,security.lead,Engineering,Temporary issue,2025-09-05,2026-06-10,ACTIVE,HIGH,
EXC-0226,data_access_exception,ravi.chen,security.lead,Operations,Temporary issue,2025-11-19,2026-02-25,RENEWAL_REQUESTED,HIGH,2026-03-13
EXC-0227,encryption_waiver,alice.chen,compliance.officer,Legal,Legacy system compatibility during migration to v280,2025-09-24,2026-07-19,ACTIVE,HIGH,
EXC-0228,encryption_waiver,john.wilson,security.lead,IT Infrastructure,Database migration support for project 655,2025-09-20,2025-10-11,ACTIVE,CRITICAL,
EXC-0229,admin_access,platform.eng,manager.001,Engineering,Vendor SOC 2 audit data extraction,2026-04-07,2026-06-28,ACTIVE,HIGH,
EXC-0230,admin_access,qa.team,bob.jones,Customer Support,Integration with Partner Ltd API gateway,2025-10-23,2025-12-26,EXPIRED,HIGH,
EXC-0231,encryption_waiver,qa.team,security.lead,Security,Database migration support for project 764,2025-09-24,2025-10-30,REVOKED,HIGH,
EXC-0232,admin_access,emma.moore,ciso.office,HR,Short-term fix,2025-11-01,2026-07-24,ACTIVE,HIGH,
EXC-0233,admin_access,security.ops,manager.001,IT Infrastructure,Legacy issue,2025-05-21,2026-05-25,ACTIVE,MEDIUM,
EXC-0234,firewall_rule_open,bob.miller,it.director,Engineering,Temporary issue,2026-03-08,2026-04-15,RENEWAL_REQUESTED,MEDIUM,2026-03-18
EXC-0235,encryption_waiver,ops.team,alice.smith,Engineering,Disaster recovery drill access,2025-11-12,2026-07-16,ACTIVE,HIGH,
EXC-0236,data_access_exception,infra.team,bob.jones,Data & Analytics,New hire onboarding pending background check completion,2025-10-23,2026-01-18,RENEWAL_REQUESTED,HIGH,2025-11-20
EXC-0237,background_check_pending,irene.doe,platform.lead,HR,Business need,2026-01-27,2026-08-21,ACTIVE,MEDIUM,
EXC-0238,encryption_waiver,sara.lewis,alice.smith,Security,Disaster recovery drill access,2026-02-20,2026-06-15,ACTIVE,HIGH,
EXC-0239,vendor_access_waiver,wendy.brown,ciso.office,HR,Legacy issue,2025-07-24,2026-11-28,ACTIVE,HIGH,
EXC-0240,admin_access,irene.lewis,manager.001,Operations,Temporary issue,2025-09-11,2025-10-05,REVOKED,HIGH,
EXC-0241,background_check_pending,infra.team,it.director,Data & Analytics,Quarterly penetration test access window,2025-08-16,2026-05-19,ACTIVE,CRITICAL,
EXC-0242,firewall_rule_open,infra.team,platform.lead,Finance,Short-term fix,2026-02-21,2026-07-31,ACTIVE,MEDIUM,
EXC-0243,vendor_access_waiver,security.ops,compliance.officer,IT Infrastructure,Business need,2025-10-30,2025-12-12,ACTIVE,CRITICAL,
EXC-0244,dev_environment_exception,olivia.chen,it.director,HR,Short-term fix,2025-05-02,2025-07-19,EXPIRED,LOW,
EXC-0245,admin_access,noah.garcia,security.lead,Sales,Legacy system compatibility during migration to v143,2025-11-17,2025-12-11,REVOKED,HIGH,
EXC-0246,firewall_rule_open,tom.lee,ciso.office,Legal,Integration with Partner Ltd API gateway,2025-05-29,2025-07-31,REVOKED,MEDIUM,
EXC-0247,dev_environment_exception,data.eng,it.director,Engineering,Disaster recovery drill access,2025-06-11,2025-07-17,ACTIVE,HIGH,
EXC-0248,firewall_rule_open,ravi.patel,bob.jones,IT Infrastructure,Database migration support for project 685,2026-03-18,2026-06-13,ACTIVE,MEDIUM,
EXC-0249,admin_access,emma.brown,compliance.officer,Finance,Disaster recovery drill access,2025-11-03,2026-05-26,ACTIVE,HIGH,
EXC-0250,vendor_access_waiver,release.mgmt,ciso.office,Legal,New hire onboarding pending background check completion,2026-01-19,2026-06-21,ACTIVE,HIGH,
EXC-0251,encryption_waiver,release.mgmt,platform.lead,HR,Integration with Partner Ltd API gateway,2025-11-27,2026-05-20,ACTIVE,HIGH,
EXC-0252,background_check_pending,olivia.wilson,alice.smith,Customer Support,Integration with Partner Ltd API gateway,2025-09-21,2025-11-15,ACTIVE,CRITICAL,
EXC-0253,firewall_rule_open,paul.doe,security.lead,Sales,New hire onboarding pending background check completion,2025-05-14,2025-06-28,EXPIRED,MEDIUM,
EXC-0254,vendor_access_waiver,security.ops,manager.001,HR,Database migration support for project 617,2025-06-17,2026-04-21,ACTIVE,HIGH,
EXC-0255,firewall_rule_open,release.mgmt,security.lead,Data & Analytics,Vendor SOC 2 audit data extraction,2025-10-08,2025-11-11,REVOKED,MEDIUM,
EXC-0256,vendor_access_waiver,bob.davis,alice.smith,Security,Disaster recovery drill access,2025-12-25,2026-04-23,ACTIVE,HIGH,
EXC-0257,dev_environment_exception,dev.lead,it.director,Finance,Production troubleshooting for incident INC-329,2025-08-22,2025-10-09,ACTIVE,CRITICAL,
EXC-0258,vendor_access_waiver,tom.brown,compliance.officer,Security,Database migration support for project 358,2025-08-04,2025-09-12,ACTIVE,CRITICAL,
EXC-0259,vendor_access_waiver,sara.moore,bob.jones,Engineering,Vendor SOC 2 audit data extraction,2026-03-24,2026-04-16,ACTIVE,HIGH,
EXC-0260,encryption_waiver,henry.brown,ciso.office,Sales,Temporary issue,2025-05-14,2025-08-12,REVOKED,HIGH,
EXC-0261,vendor_access_waiver,qa.team,alice.smith,Data & Analytics,Quarterly penetration test access window,2025-11-08,2026-06-15,ACTIVE,HIGH,
EXC-0262,vendor_access_waiver,platform.eng,platform.lead,Sales,Legacy system compatibility during migration to v400,2026-01-31,2026-05-23,ACTIVE,HIGH,
EXC-0263,admin_access,wendy.brown,security.lead,Legal,New hire onboarding pending background check completion,2025-12-11,2026-02-07,RENEWAL_REQUESTED,HIGH,2026-01-29
EXC-0264,data_access_exception,jack.wilson,ciso.office,IT Infrastructure,Integration with Partner Ltd API gateway,2026-03-01,2026-08-20,ACTIVE,HIGH,
EXC-0265,data_access_exception,paul.patel,compliance.officer,Customer Support,Database migration support for project 246,2025-12-09,2026-07-31,ACTIVE,HIGH,
EXC-0266,encryption_waiver,emma.jones,it.director,Legal,Legacy system compatibility during migration to v601,2025-11-15,2026-08-25,ACTIVE,HIGH,
EXC-0267,background_check_pending,bob.lee,compliance.officer,Security,Database migration support for project 492,2025-04-17,2025-05-05,EXPIRED,MEDIUM,
EXC-0268,admin_access,dev.lead,platform.lead,Customer Support,Short-term fix,2025-08-20,2026-06-03,ACTIVE,HIGH,
EXC-0269,admin_access,ops.team,compliance.officer,Customer Support,Legacy system compatibility during migration to v166,2025-09-14,2026-05-19,ACTIVE,HIGH,
EXC-0270,vendor_access_waiver,paul.miller,compliance.officer,Finance,Legacy system compatibility during migration to v316,2026-01-31,2026-06-18,ACTIVE,HIGH,
EXC-0271,vendor_access_waiver,qa.team,bob.jones,Legal,Production troubleshooting for incident INC-484,2025-08-23,2025-11-13,EXPIRED,HIGH,
EXC-0272,dev_environment_exception,uma.patel,alice.smith,Engineering,New hire onboarding pending background check completion,2026-02-22,2026-07-19,ACTIVE,LOW,
EXC-0273,vendor_access_waiver,john.davis,compliance.officer,Operations,Quarterly penetration test access window,2026-02-27,2026-03-23,ACTIVE,HIGH,
EXC-0274,data_access_exception,carol.patel,ciso.office,Operations,Database migration support for project 303,2025-07-26,2025-09-11,EXPIRED,HIGH,
EXC-0275,encryption_waiver,irene.garcia,alice.smith,Customer Support,Business need,2026-03-04,2026-08-13,ACTIVE,HIGH,
EXC-0276,background_check_pending,olivia.lee,bob.jones,Customer Support,Production troubleshooting for incident INC-202,2025-11-26,2026-06-26,ACTIVE,MEDIUM,
EXC-0277,vendor_access_waiver,dev.lead,ciso.office,Legal,Vendor SOC 2 audit data extraction,2025-06-13,2026-06-13,ACTIVE,HIGH,
EXC-0278,background_check_pending,john.lee,security.lead,Legal,Database migration support for project 736,2025-08-30,2025-09-24,REVOKED,MEDIUM,
EXC-0279,background_check_pending,ops.team,compliance.officer,Security,Legacy system compatibility during migration to v215,2026-02-07,2026-07-01,ACTIVE,MEDIUM,
EXC-0280,firewall_rule_open,alice.garcia,bob.jones,Security,Database migration support for project 921,2026-01-31,2026-04-11,EXPIRED,MEDIUM,
EXC-0281,dev_environment_exception,security.ops,alice.smith,Finance,Database migration support for project 215,2026-03-08,2026-08-20,ACTIVE,CRITICAL,
EXC-0282,data_access_exception,data.eng,platform.lead,Engineering,New hire onboarding pending background check completion,2025-10-05,2025-12-24,EXPIRED,HIGH,
EXC-0283,data_access_exception,grace.lewis,platform.lead,Security,Database migration support for project 972,2026-04-06,2026-04-21,ACTIVE,HIGH,
EXC-0284,data_access_exception,bob.lewis,platform.lead,Sales,Legacy issue,2025-05-10,2025-07-27,EXPIRED,HIGH,
EXC-0285,dev_environment_exception,leo.chen,bob.jones,Data & Analytics,Database migration support for project 190,2025-12-26,2026-03-07,REVOKED,LOW,
EXC-0286,admin_access,wendy.doe,bob.jones,Security,Database migration support for project 449,2025-11-24,2026-04-29,ACTIVE,HIGH,
EXC-0287,encryption_waiver,grace.clark,platform.lead,Customer Support,Vendor SOC 2 audit data extraction,2026-02-02,2026-05-16,ACTIVE,HIGH,
EXC-0288,encryption_waiver,irene.wilson,bob.jones,Engineering,Emergency,2026-02-13,2026-06-13,ACTIVE,HIGH,
EXC-0289,firewall_rule_open,frank.miller,bob.jones,Security,Legacy system compatibility during migration to v610,2026-03-31,2026-06-19,ACTIVE,MEDIUM,
EXC-0290,encryption_waiver,alice.taylor,it.director,Customer Support,Legacy system compatibility during migration to v808,2025-06-19,2026-05-14,ACTIVE,HIGH,
EXC-0291,vendor_access_waiver,jack.moore,compliance.officer,IT Infrastructure,Emergency,2026-01-10,2026-08-31,ACTIVE,HIGH,
EXC-0292,dev_environment_exception,wendy.davis,platform.lead,Customer Support,Short-term fix,2025-12-24,2026-05-08,ACTIVE,LOW,
EXC-0293,vendor_access_waiver,emma.miller,bob.jones,Legal,Emergency,2026-03-17,2026-07-25,ACTIVE,HIGH,
EXC-0294,firewall_rule_open,dev.lead,manager.001,HR,Quarterly penetration test access window,2025-10-06,2026-08-30,ACTIVE,MEDIUM,
EXC-0295,vendor_access_waiver,alice.wilson,it.director,Operations,New hire onboarding pending background check completion,2025-08-14,2026-04-21,ACTIVE,HIGH,
EXC-0296,background_check_pending,victor.davis,alice.smith,Security,Database migration support for project 949,2026-03-22,2026-08-07,ACTIVE,MEDIUM,
EXC-0297,firewall_rule_open,victor.wilson,manager.001,Sales,Integration with Partner Ltd API gateway,2025-10-06,2026-06-01,ACTIVE,MEDIUM,
EXC-0298,data_access_exception,data.eng,ciso.office,Finance,Production troubleshooting for incident INC-892,2025-11-02,2026-06-08,ACTIVE,HIGH,
EXC-0299,vendor_access_waiver,uma.davis,it.director,IT Infrastructure,Integration with Partner Ltd API gateway,2025-09-24,2025-12-14,EXPIRED,HIGH,
EXC-0300,firewall_rule_open,paul.garcia,compliance.officer,Customer Support,Vendor SOC 2 audit data extraction,2026-01-29,2026-05-27,ACTIVE,MEDIUM,
EXC-0301,encryption_waiver,release.mgmt,alice.smith,Operations,Database migration support for project 346,2025-08-17,2025-09-05,REVOKED,HIGH,
EXC-0302,data_access_exception,carol.moore,ciso.office,Customer Support,Production troubleshooting for incident INC-629,2025-10-23,2026-01-10,REVOKED,HIGH,
EXC-0303,data_access_exception,platform.eng,platform.lead,Customer Support,New hire onboarding pending background check completion,2025-12-13,2026-08-13,ACTIVE,HIGH,
EXC-0304,background_check_pending,carol.kumar,compliance.officer,Operations,Legacy system compatibility during migration to v124,2026-01-07,2026-03-20,RENEWAL_REQUESTED,MEDIUM,2026-01-19
EXC-0305,admin_access,qa.team,ciso.office,Customer Support,Temporary issue,2025-08-25,2025-10-30,REVOKED,HIGH,
EXC-0306,data_access_exception,mia.miller,alice.smith,Security,Production troubleshooting for incident INC-756,2026-02-17,2026-03-27,RENEWAL_REQUESTED,HIGH,2026-02-28
EXC-0307,vendor_access_waiver,kelly.patel,ciso.office,HR,Quarterly penetration test access window,2025-11-25,2026-01-26,REVOKED,HIGH,
EXC-0308,background_check_pending,olivia.garcia,manager.001,Finance,Quarterly penetration test access window,2025-06-27,2025-08-18,REVOKED,MEDIUM,
EXC-0309,admin_access,quinn.lee,bob.jones,Engineering,Operational requirement,2025-12-21,2026-03-29,RENEWAL_REQUESTED,HIGH,2026-03-11
EXC-0310,admin_access,security.ops,manager.001,Security,Production troubleshooting for incident INC-971,2025-12-18,2026-06-03,ACTIVE,HIGH,
EXC-0311,background_check_pending,quinn.clark,bob.jones,HR,New hire onboarding pending background check completion,2025-11-26,2026-07-01,ACTIVE,MEDIUM,
EXC-0312,admin_access,ops.team,manager.001,Legal,Vendor SOC 2 audit data extraction,2026-04-07,2026-04-30,ACTIVE,HIGH,
EXC-0313,background_check_pending,infra.team,security.lead,Engineering,Database migration support for project 573,2026-02-20,2026-08-14,ACTIVE,MEDIUM,
EXC-0314,data_access_exception,data.eng,it.director,Customer Support,Legacy system compatibility during migration to v651,2025-09-17,2026-05-16,ACTIVE,HIGH,
EXC-0315,firewall_rule_open,ops.team,bob.jones,Engineering,Production troubleshooting for incident INC-932,2026-02-06,2026-05-05,REVOKED,MEDIUM,
EXC-0316,background_check_pending,alice.brown,it.director,Finance,New hire onboarding pending background check completion,2026-03-09,2026-07-21,ACTIVE,CRITICAL,
EXC-0317,firewall_rule_open,paul.jones,compliance.officer,Legal,New hire onboarding pending background check completion,2026-02-23,2026-04-09,ACTIVE,HIGH,
EXC-0318,data_access_exception,qa.team,it.director,Legal,Vendor SOC 2 audit data extraction,2025-12-30,2026-05-25,ACTIVE,HIGH,
EXC-0319,data_access_exception,noah.smith,alice.smith,Legal,Operational requirement,2025-09-02,2025-10-19,EXPIRED,HIGH,
EXC-0320,data_access_exception,kelly.jones,ciso.office,Security,Production troubleshooting for incident INC-613,2026-03-13,2026-05-05,ACTIVE,HIGH,
EXC-0321,firewall_rule_open,grace.jones,ciso.office,Sales,Integration with Partner Ltd API gateway,2026-02-01,2026-04-15,ACTIVE,MEDIUM,
EXC-0322,data_access_exception,olivia.kumar,security.lead,Security,Operational requirement,2025-12-03,2026-05-23,ACTIVE,HIGH,
EXC-0323,firewall_rule_open,data.eng,security.lead,Customer Support,Production troubleshooting for incident INC-999,2026-01-24,2026-06-05,ACTIVE,CRITICAL,
EXC-0324,admin_access,release.mgmt,it.director,Finance,Quarterly penetration test access window,2026-04-03,2026-04-21,ACTIVE,HIGH,
EXC-0325,firewall_rule_open,jack.clark,bob.jones,Sales,Integration with Partner Ltd API gateway,2025-11-05,2026-07-12,ACTIVE,MEDIUM,
EXC-0326,firewall_rule_open,sara.smith,bob.jones,Operations,Disaster recovery drill access,2026-03-19,2026-09-12,ACTIVE,MEDIUM,
EXC-0327,encryption_waiver,victor.taylor,manager.001,Data & Analytics,Legacy issue,2025-07-13,2026-11-19,ACTIVE,MEDIUM,
EXC-0328,data_access_exception,bob.davis,compliance.officer,HR,Short-term fix,2025-04-18,2025-07-14,EXPIRED,HIGH,
EXC-0329,dev_environment_exception,platform.eng,platform.lead,Security,Legacy system compatibility during migration to v536,2026-02-08,2026-03-26,REVOKED,LOW,
EXC-0330,background_check_pending,ravi.wilson,ciso.office,Security,Quarterly penetration test access window,2026-03-22,2026-08-07,ACTIVE,MEDIUM,
EXC-0331,encryption_waiver,victor.moore,security.lead,Operations,Database migration support for project 901,2025-07-06,2025-08-01,EXPIRED,HIGH,
EXC-0332,dev_environment_exception,jack.smith,security.lead,Security,Temporary issue,2025-11-24,2026-05-31,ACTIVE,LOW,
EXC-0333,encryption_waiver,dev.lead,compliance.officer,Security,Database migration support for project 110,2025-09-14,2026-05-01,ACTIVE,MEDIUM,
EXC-0334,firewall_rule_open,paul.davis,manager.001,Engineering,New hire onboarding pending background check completion,2025-07-10,2025-07-28,REVOKED,MEDIUM,
EXC-0335,firewall_rule_open,emma.jones,ciso.office,Security,Disaster recovery drill access,2025-11-04,2026-05-28,ACTIVE,CRITICAL,
EXC-0336,admin_access,bob.jones,ciso.office,Customer Support,Vendor SOC 2 audit data extraction,2025-10-09,2025-11-27,EXPIRED,HIGH,
EXC-0337,dev_environment_exception,noah.moore,alice.smith,HR,Operational requirement,2025-10-09,2026-01-18,RENEWAL_REQUESTED,LOW,2025-11-06
EXC-0338,dev_environment_exception,ops.team,ciso.office,Customer Support,Quarterly penetration test access window,2025-11-27,2025-12-31,ACTIVE,CRITICAL,
EXC-0339,background_check_pending,security.ops,it.director,Data & Analytics,Production troubleshooting for incident INC-593,2025-08-22,2026-04-29,ACTIVE,CRITICAL,
EXC-0340,data_access_exception,grace.chen,platform.lead,Security,Vendor SOC 2 audit data extraction,2026-01-07,2026-08-14,ACTIVE,HIGH,
EXC-0341,admin_access,emma.lewis,platform.lead,Legal,New hire onboarding pending background check completion,2026-01-08,2026-07-22,ACTIVE,HIGH,
EXC-0342,vendor_access_waiver,data.eng,manager.001,Sales,Temporary issue,2025-10-14,2025-11-16,EXPIRED,HIGH,
EXC-0343,admin_access,uma.lewis,alice.smith,Customer Support,Database migration support for project 480,2025-09-23,2025-12-09,REVOKED,HIGH,
EXC-0344,data_access_exception,data.eng,compliance.officer,Sales,Legacy system compatibility during migration to v155,2026-01-24,2026-04-18,RENEWAL_REQUESTED,HIGH,2026-03-05
EXC-0345,dev_environment_exception,security.ops,compliance.officer,Finance,Disaster recovery drill access,2026-03-13,2026-05-21,ACTIVE,LOW,
EXC-0346,dev_environment_exception,security.ops,ciso.office,Finance,New hire onboarding pending background check completion,2025-11-19,2026-02-17,RENEWAL_REQUESTED,LOW,2026-02-15
EXC-0347,encryption_waiver,release.mgmt,compliance.officer,Sales,Vendor SOC 2 audit data extraction,2025-10-18,2025-12-22,REVOKED,HIGH,
EXC-0348,data_access_exception,qa.team,manager.001,Operations,Short-term fix,2026-03-23,2026-04-19,ACTIVE,HIGH,
EXC-0349,firewall_rule_open,john.garcia,compliance.officer,Data & Analytics,Short-term fix,2025-12-03,2026-06-17,ACTIVE,CRITICAL,
EXC-0350,vendor_access_waiver,release.mgmt,ciso.office,HR,Production troubleshooting for incident INC-507,2025-08-18,2026-04-28,ACTIVE,CRITICAL,
EXC-0351,firewall_rule_open,olivia.patel,it.director,Legal,Emergency,2025-09-05,2027-01-03,ACTIVE,HIGH,
EXC-0352,admin_access,platform.eng,security.lead,HR,Database migration support for project 893,2026-01-04,2026-02-13,RENEWAL_REQUESTED,HIGH,2026-02-07
EXC-0353,dev_environment_exception,qa.team,security.lead,Legal,Quarterly penetration test access window,2025-11-19,2026-06-29,ACTIVE,LOW,
EXC-0354,vendor_access_waiver,infra.team,ciso.office,Data & Analytics,Vendor SOC 2 audit data extraction,2025-11-12,2026-04-23,ACTIVE,HIGH,
EXC-0355,firewall_rule_open,dave.chen,ciso.office,Operations,Emergency,2025-11-27,2026-04-27,ACTIVE,MEDIUM,
EXC-0356,dev_environment_exception,bob.patel,ciso.office,IT Infrastructure,Legacy system compatibility during migration to v234,2026-02-08,2026-06-10,ACTIVE,LOW,
EXC-0357,dev_environment_exception,john.smith,platform.lead,Legal,Database migration support for project 746,2026-03-19,2026-08-17,ACTIVE,LOW,
EXC-0358,vendor_access_waiver,ravi.taylor,ciso.office,Legal,New hire onboarding pending background check completion,2025-05-30,2025-08-08,REVOKED,HIGH,
EXC-0359,encryption_waiver,dave.davis,alice.smith,Engineering,Database migration support for project 406,2026-01-13,2026-04-15,ACTIVE,HIGH,
EXC-0360,admin_access,irene.chen,alice.smith,Customer Support,Short-term fix,2025-09-05,2026-11-02,ACTIVE,HIGH,
EXC-0361,vendor_access_waiver,leo.chen,ciso.office,Operations,Quarterly penetration test access window,2026-03-13,2026-09-03,ACTIVE,HIGH,
EXC-0362,data_access_exception,ops.team,security.lead,Finance,Vendor SOC 2 audit data extraction,2026-02-25,2026-08-24,ACTIVE,HIGH,
EXC-0363,admin_access,dev.lead,security.lead,Operations,Temporary issue,2025-11-25,2025-12-10,EXPIRED,HIGH,
EXC-0364,vendor_access_waiver,release.mgmt,manager.001,Legal,Database migration support for project 480,2025-05-01,2026-04-25,ACTIVE,HIGH,
EXC-0365,background_check_pending,dave.smith,ciso.office,Security,Short-term fix,2025-12-17,2026-09-03,ACTIVE,MEDIUM,
EXC-0366,firewall_rule_open,release.mgmt,manager.001,Engineering,Quarterly penetration test access window,2025-11-25,2026-07-08,ACTIVE,MEDIUM,
EXC-0367,encryption_waiver,dev.lead,bob.jones,HR,Quarterly penetration test access window,2025-10-16,2026-06-14,ACTIVE,HIGH,
EXC-0368,vendor_access_waiver,ops.team,manager.001,Security,Temporary issue,2025-09-03,2025-10-20,ACTIVE,HIGH,
EXC-0369,data_access_exception,john.smith,it.director,IT Infrastructure,Business need,2025-08-20,2025-09-09,ACTIVE,CRITICAL,
EXC-0370,admin_access,jack.smith,alice.smith,Legal,Vendor SOC 2 audit data extraction,2025-12-03,2026-08-28,ACTIVE,HIGH,
EXC-0371,background_check_pending,wendy.kumar,alice.smith,Security,Legacy system compatibility during migration to v356,2025-05-05,2025-07-20,REVOKED,MEDIUM,
EXC-0372,dev_environment_exception,release.mgmt,manager.001,IT Infrastructure,Legacy issue,2025-09-27,2025-12-09,REVOKED,LOW,
EXC-0373,background_check_pending,quinn.garcia,bob.jones,Customer Support,Legacy system compatibility during migration to v119,2026-01-07,2026-07-23,ACTIVE,MEDIUM,
EXC-0374,dev_environment_exception,sara.chen,platform.lead,Operations,Disaster recovery drill access,2025-07-21,2025-09-02,ACTIVE,CRITICAL,
EXC-0375,background_check_pending,sara.davis,platform.lead,Security,Integration with Partner Ltd API gateway,2025-06-03,2025-07-16,ACTIVE,HIGH,
EXC-0376,admin_access,dave.garcia,alice.smith,Sales,Temporary issue,2025-06-04,2025-06-22,REVOKED,HIGH,
EXC-0377,vendor_access_waiver,sara.brown,alice.smith,Legal,Short-term fix,2025-05-21,2025-06-05,EXPIRED,HIGH,
EXC-0378,vendor_access_waiver,bob.clark,alice.smith,Legal,Integration with Partner Ltd API gateway,2025-07-18,2026-07-12,ACTIVE,HIGH,
EXC-0379,background_check_pending,platform.eng,bob.jones,Operations,Disaster recovery drill access,2025-07-21,2025-08-28,EXPIRED,MEDIUM,
EXC-0380,dev_environment_exception,emma.taylor,bob.jones,IT Infrastructure,Vendor SOC 2 audit data extraction,2026-02-18,2026-06-12,ACTIVE,LOW,
EXC-0381,vendor_access_waiver,release.mgmt,platform.lead,Legal,Vendor SOC 2 audit data extraction,2025-10-22,2025-11-27,ACTIVE,CRITICAL,
EXC-0382,background_check_pending,sara.chen,manager.001,Security,Quarterly penetration test access window,2025-12-13,2026-03-10,RENEWAL_REQUESTED,MEDIUM,2026-02-18
EXC-0383,data_access_exception,dev.lead,ciso.office,IT Infrastructure,Temporary issue,2025-09-16,2025-09-30,REVOKED,HIGH,
EXC-0384,firewall_rule_open,security.ops,alice.smith,HR,Legacy issue,2025-04-24,2026-07-03,ACTIVE,HIGH,
EXC-0385,encryption_waiver,grace.chen,ciso.office,HR,Emergency,2026-01-31,2026-03-13,EXPIRED,HIGH,
EXC-0386,vendor_access_waiver,release.mgmt,security.lead,Data & Analytics,Integration with Partner Ltd API gateway,2025-12-23,2026-05-08,ACTIVE,CRITICAL,
EXC-0387,admin_access,ravi.moore,bob.jones,Engineering,Production troubleshooting for incident INC-749,2026-01-29,2026-08-23,ACTIVE,HIGH,
EXC-0388,background_check_pending,alice.davis,alice.smith,Legal,Disaster recovery drill access,2026-03-09,2026-06-14,ACTIVE,MEDIUM,
EXC-0389,data_access_exception,ravi.jones,manager.001,Security,Emergency,2025-06-29,2025-07-29,REVOKED,HIGH,
EXC-0390,admin_access,wendy.smith,compliance.officer,HR,Database migration support for project 504,2026-02-20,2026-05-10,ACTIVE,HIGH,
EXC-0391,vendor_access_waiver,quinn.chen,manager.001,Operations,Emergency,2025-09-27,2025-12-23,EXPIRED,HIGH,
EXC-0392,admin_access,mia.wilson,platform.lead,Sales,Database migration support for project 738,2025-11-07,2026-09-02,ACTIVE,HIGH,
EXC-0393,firewall_rule_open,grace.kumar,platform.lead,Finance,Integration with Partner Ltd API gateway,2025-06-11,2025-07-01,EXPIRED,MEDIUM,
EXC-0394,dev_environment_exception,irene.doe,platform.lead,Operations,Emergency,2025-04-26,2025-06-21,EXPIRED,LOW,
EXC-0395,vendor_access_waiver,frank.brown,it.director,IT Infrastructure,Temporary issue,2025-11-05,2026-04-29,ACTIVE,HIGH,
EXC-0396,admin_access,data.eng,alice.smith,Data & Analytics,Production troubleshooting for incident INC-399,2025-07-23,2026-06-26,ACTIVE,HIGH,
EXC-0397,background_check_pending,leo.chen,compliance.officer,Customer Support,Temporary issue,2026-01-20,2026-07-06,ACTIVE,MEDIUM,
EXC-0398,dev_environment_exception,quinn.doe,alice.smith,Sales,Quarterly penetration test access window,2025-10-02,2025-12-17,REVOKED,LOW,
EXC-0399,vendor_access_waiver,security.ops,platform.lead,Legal,New hire onboarding pending background check completion,2025-12-27,2026-02-14,EXPIRED,HIGH,
EXC-0400,vendor_access_waiver,infra.team,alice.smith,Customer Support,Short-term fix,2025-12-09,2026-04-29,ACTIVE,HIGH,
EXC-0401,data_access_exception,uma.chen,compliance.officer,Sales,New hire onboarding pending background check completion,2025-07-03,2026-07-06,ACTIVE,HIGH,
EXC-0402,vendor_access_waiver,platform.eng,security.lead,HR,Legacy system compatibility during migration to v540,2025-06-28,2025-09-22,EXPIRED,HIGH,
EXC-0403,encryption_waiver,ops.team,security.lead,Legal,Quarterly penetration test access window,2025-11-08,2026-06-27,ACTIVE,HIGH,
EXC-0404,firewall_rule_open,carol.lee,security.lead,Engineering,Quarterly penetration test access window,2026-01-30,2026-03-14,EXPIRED,MEDIUM,
EXC-0405,data_access_exception,kelly.jones,it.director,Finance,Database migration support for project 829,2025-07-18,2026-05-21,ACTIVE,HIGH,
EXC-0406,data_access_exception,platform.eng,manager.001,Engineering,Integration with Partner Ltd API gateway,2025-07-29,2026-06-07,ACTIVE,MEDIUM,
EXC-0407,firewall_rule_open,noah.lewis,platform.lead,Data & Analytics,Disaster recovery drill access,2025-11-08,2025-11-27,REVOKED,MEDIUM,
EXC-0408,vendor_access_waiver,dev.lead,bob.jones,Data & Analytics,Emergency,2026-01-02,2026-05-23,ACTIVE,HIGH,
EXC-0409,dev_environment_exception,alice.kumar,ciso.office,Data & Analytics,Legacy system compatibility during migration to v574,2026-01-13,2026-08-06,ACTIVE,LOW,
EXC-0410,background_check_pending,bob.patel,security.lead,IT Infrastructure,Legacy system compatibility during migration to v502,2025-11-06,2026-05-23,ACTIVE,CRITICAL,
EXC-0411,admin_access,platform.eng,it.director,Operations,Short-term fix,2026-01-06,2026-04-17,ACTIVE,CRITICAL,
EXC-0412,vendor_access_waiver,bob.patel,it.director,Legal,Production troubleshooting for incident INC-886,2026-02-07,2026-04-18,ACTIVE,HIGH,
EXC-0413,firewall_rule_open,ravi.lee,security.lead,Finance,Quarterly penetration test access window,2025-11-14,2026-08-26,ACTIVE,MEDIUM,
EXC-0414,vendor_access_waiver,qa.team,manager.001,Engineering,Quarterly penetration test access window,2025-04-21,2025-07-02,REVOKED,HIGH,
EXC-0415,background_check_pending,john.lewis,manager.001,Sales,Database migration support for project 564,2025-11-10,2025-12-18,ACTIVE,HIGH,
EXC-0416,dev_environment_exception,grace.brown,manager.001,Engineering,Quarterly penetration test access window,2026-01-29,2026-05-04,ACTIVE,LOW,
EXC-0417,encryption_waiver,alice.patel,compliance.officer,Finance,Integration with Partner Ltd API gateway,2026-04-06,2026-06-05,ACTIVE,HIGH,
EXC-0418,background_check_pending,security.ops,compliance.officer,Operations,Integration with Partner Ltd API gateway,2025-10-06,2026-05-03,ACTIVE,CRITICAL,
EXC-0419,admin_access,henry.miller,compliance.officer,Customer Support,Temporary issue,2025-12-27,2026-05-01,ACTIVE,CRITICAL,
EXC-0420,dev_environment_exception,tom.jones,it.director,IT Infrastructure,Vendor SOC 2 audit data extraction,2026-02-18,2026-07-26,ACTIVE,LOW,
EXC-0421,data_access_exception,olivia.lewis,it.director,Finance,New hire onboarding pending background check completion,2025-07-23,2026-04-27,ACTIVE,HIGH,
EXC-0422,admin_access,carol.kumar,compliance.officer,Security,Legacy issue,2026-01-26,2026-03-17,ACTIVE,HIGH,
EXC-0423,data_access_exception,victor.davis,ciso.office,Operations,Operational requirement,2025-04-18,2026-06-02,ACTIVE,HIGH,
EXC-0424,vendor_access_waiver,dev.lead,security.lead,Sales,Legacy issue,2025-12-13,2026-04-21,ACTIVE,HIGH,
EXC-0425,vendor_access_waiver,qa.team,it.director,Customer Support,Vendor SOC 2 audit data extraction,2026-02-14,2026-05-09,ACTIVE,HIGH,
EXC-0426,dev_environment_exception,frank.miller,platform.lead,Operations,Quarterly penetration test access window,2025-04-30,2025-06-26,REVOKED,LOW,
EXC-0427,vendor_access_waiver,emma.moore,security.lead,IT Infrastructure,Legacy issue,2025-09-23,2025-10-11,REVOKED,HIGH,
EXC-0428,data_access_exception,platform.eng,platform.lead,Data & Analytics,Quarterly penetration test access window,2025-08-03,2025-09-15,ACTIVE,CRITICAL,
EXC-0429,firewall_rule_open,dev.lead,manager.001,Operations,Production troubleshooting for incident INC-918,2025-12-18,2026-03-06,EXPIRED,MEDIUM,
EXC-0430,encryption_waiver,release.mgmt,ciso.office,Legal,Business need,2025-07-29,2026-05-19,ACTIVE,HIGH,
EXC-0431,data_access_exception,paul.patel,alice.smith,HR,Quarterly penetration test access window,2026-01-25,2026-07-25,ACTIVE,HIGH,
EXC-0432,admin_access,irene.kumar,platform.lead,Sales,Legacy issue,2026-01-12,2026-02-11,ACTIVE,CRITICAL,
EXC-0433,vendor_access_waiver,qa.team,security.lead,HR,Operational requirement,2026-01-26,2026-04-15,EXPIRED,HIGH,
EXC-0434,firewall_rule_open,quinn.miller,ciso.office,Finance,Vendor SOC 2 audit data extraction,2026-03-27,2026-05-07,ACTIVE,MEDIUM,
EXC-0435,dev_environment_exception,dave.doe,it.director,Engineering,Business need,2025-05-29,2025-08-05,REVOKED,LOW,
EXC-0436,firewall_rule_open,ravi.clark,platform.lead,HR,Database migration support for project 681,2025-10-03,2027-01-19,ACTIVE,MEDIUM,
EXC-0437,firewall_rule_open,release.mgmt,bob.jones,Data & Analytics,Quarterly penetration test access window,2026-02-28,2026-09-07,ACTIVE,MEDIUM,
EXC-0438,encryption_waiver,security.ops,platform.lead,Data & Analytics,Integration with Partner Ltd API gateway,2026-01-11,2026-02-24,RENEWAL_REQUESTED,HIGH,2026-02-12
EXC-0439,data_access_exception,emma.davis,platform.lead,IT Infrastructure,Integration with Partner Ltd API gateway,2025-11-08,2025-12-05,REVOKED,HIGH,
EXC-0440,dev_environment_exception,irene.clark,compliance.officer,IT Infrastructure,Legacy issue,2025-09-02,2026-06-10,ACTIVE,HIGH,
EXC-0441,firewall_rule_open,ravi.taylor,compliance.officer,IT Infrastructure,Database migration support for project 433,2025-12-15,2026-06-03,ACTIVE,MEDIUM,
EXC-0442,dev_environment_exception,release.mgmt,security.lead,HR,Integration with Partner Ltd API gateway,2025-06-09,2025-09-07,REVOKED,LOW,
EXC-0443,encryption_waiver,uma.smith,bob.jones,Sales,Database migration support for project 300,2025-12-08,2026-07-08,ACTIVE,HIGH,
EXC-0444,firewall_rule_open,jack.davis,ciso.office,Security,Legacy issue,2025-11-23,2026-09-05,ACTIVE,MEDIUM,
EXC-0445,admin_access,dev.lead,alice.smith,Customer Support,Vendor SOC 2 audit data extraction,2025-09-06,2026-05-05,ACTIVE,HIGH,
EXC-0446,data_access_exception,leo.miller,compliance.officer,Security,Vendor SOC 2 audit data extraction,2025-12-15,2026-07-08,ACTIVE,HIGH,
EXC-0447,background_check_pending,irene.lee,security.lead,Engineering,Emergency,2025-12-07,2026-05-30,ACTIVE,MEDIUM,
EXC-0448,background_check_pending,victor.taylor,security.lead,Data & Analytics,Database migration support for project 493,2025-10-22,2026-05-06,ACTIVE,CRITICAL,
EXC-0449,data_access_exception,ravi.lewis,manager.001,Customer Support,Vendor SOC 2 audit data extraction,2026-03-28,2026-07-01,ACTIVE,HIGH,
EXC-0450,admin_access,victor.jones,security.lead,Customer Support,Integration with Partner Ltd API gateway,2025-08-12,2026-11-19,ACTIVE,MEDIUM,
EXC-0451,firewall_rule_open,wendy.jones,ciso.office,IT Infrastructure,Vendor SOC 2 audit data extraction,2026-03-17,2026-08-13,ACTIVE,MEDIUM,
EXC-0452,data_access_exception,data.eng,ciso.office,Finance,Production troubleshooting for incident INC-772,2026-01-17,2026-08-02,ACTIVE,HIGH,
EXC-0453,encryption_waiver,sara.doe,ciso.office,Data & Analytics,Operational requirement,2025-05-24,2025-07-12,REVOKED,HIGH,
EXC-0454,firewall_rule_open,henry.brown,alice.smith,Operations,New hire onboarding pending background check completion,2026-02-23,2026-05-16,ACTIVE,MEDIUM,
EXC-0455,data_access_exception,dev.lead,platform.lead,Operations,Legacy system compatibility during migration to v315,2026-03-07,2026-08-12,ACTIVE,HIGH,
EXC-0456,dev_environment_exception,kelly.smith,ciso.office,Operations,Emergency,2025-11-05,2026-01-18,REVOKED,LOW,
EXC-0457,data_access_exception,quinn.chen,compliance.officer,Security,Legacy system compatibility during migration to v643,2025-11-23,2025-12-03,ACTIVE,CRITICAL,
EXC-0458,background_check_pending,uma.miller,alice.smith,Operations,Short-term fix,2026-02-19,2026-08-30,ACTIVE,MEDIUM,
EXC-0459,dev_environment_exception,platform.eng,manager.001,Customer Support,Short-term fix,2025-07-16,2025-09-08,EXPIRED,LOW,
EXC-0460,vendor_access_waiver,ops.team,alice.smith,Security,Operational requirement,2026-02-23,2026-06-13,ACTIVE,HIGH,
EXC-0461,encryption_waiver,platform.eng,bob.jones,Operations,Operational requirement,2025-10-24,2026-08-08,ACTIVE,HIGH,
EXC-0462,background_check_pending,ravi.garcia,bob.jones,Finance,Emergency,2025-05-23,2025-08-03,REVOKED,MEDIUM,
EXC-0463,background_check_pending,uma.miller,ciso.office,Finance,Quarterly penetration test access window,2025-09-27,2025-12-14,RENEWAL_REQUESTED,MEDIUM,2026-01-14
EXC-0464,encryption_waiver,henry.brown,security.lead,Data & Analytics,Operational requirement,2026-04-06,2026-05-18,ACTIVE,HIGH,
EXC-0465,background_check_pending,sara.patel,it.director,HR,Production troubleshooting for incident INC-138,2025-11-19,2026-09-11,ACTIVE,MEDIUM,
EXC-0466,vendor_access_waiver,qa.team,platform.lead,Security,Database migration support for project 589,2025-11-07,2026-05-24,ACTIVE,HIGH,
EXC-0467,firewall_rule_open,release.mgmt,bob.jones,IT Infrastructure,Integration with Partner Ltd API gateway,2026-01-25,2026-05-03,ACTIVE,MEDIUM,
EXC-0468,encryption_waiver,jack.jones,it.director,HR,Legacy system compatibility during migration to v667,2025-05-05,2025-07-07,EXPIRED,HIGH,
EXC-0469,encryption_waiver,carol.wilson,it.director,Operations,Database migration support for project 852,2025-07-21,2025-08-21,EXPIRED,HIGH,
EXC-0470,firewall_rule_open,platform.eng,it.director,Security,Vendor SOC 2 audit data extraction,2026-01-18,2026-05-24,ACTIVE,MEDIUM,
EXC-0471,background_check_pending,leo.patel,manager.001,Customer Support,Legacy system compatibility during migration to v858,2025-12-19,2026-04-17,ACTIVE,CRITICAL,
EXC-0472,admin_access,qa.team,it.director,Engineering,Integration with Partner Ltd API gateway,2025-12-04,2026-09-12,ACTIVE,HIGH,
EXC-0473,data_access_exception,ravi.jones,bob.jones,Operations,New hire onboarding pending background check completion,2025-05-17,2025-06-25,REVOKED,HIGH,
EXC-0474,encryption_waiver,wendy.moore,platform.lead,Operations,Legacy system compatibility during migration to v429,2025-08-02,2025-09-29,ACTIVE,HIGH,
EXC-0475,dev_environment_exception,ops.team,bob.jones,HR,Emergency,2025-07-10,2025-09-09,EXPIRED,LOW,
EXC-0476,data_access_exception,dev.lead,security.lead,Operations,Business need,2025-12-11,2026-05-20,ACTIVE,HIGH,
EXC-0477,data_access_exception,irene.taylor,it.director,Finance,Short-term fix,2026-01-07,2026-08-30,ACTIVE,HIGH,
EXC-0478,data_access_exception,qa.team,alice.smith,IT Infrastructure,Emergency,2025-05-30,2025-07-21,REVOKED,HIGH,
EXC-0479,data_access_exception,platform.eng,manager.001,Operations,New hire onboarding pending background check completion,2026-04-08,2026-09-15,ACTIVE,HIGH,
EXC-0480,encryption_waiver,ops.team,security.lead,Data & Analytics,Legacy system compatibility during migration to v786,2025-05-07,2025-05-27,REVOKED,HIGH,
EXC-0481,encryption_waiver,data.eng,platform.lead,IT Infrastructure,Database migration support for project 144,2025-10-08,2025-11-13,RENEWAL_REQUESTED,HIGH,2026-03-04
EXC-0482,firewall_rule_open,dev.lead,it.director,Customer Support,Temporary issue,2026-01-03,2026-04-18,RENEWAL_REQUESTED,MEDIUM,2026-02-19
EXC-0483,encryption_waiver,wendy.miller,manager.001,Operations,Business need,2025-08-14,2025-10-19,EXPIRED,HIGH,
EXC-0484,data_access_exception,bob.lewis,it.director,Engineering,Short-term fix,2026-04-06,2026-05-18,ACTIVE,HIGH,
EXC-0485,firewall_rule_open,henry.kumar,platform.lead,Finance,Operational requirement,2025-05-15,2025-07-03,EXPIRED,MEDIUM,
EXC-0486,admin_access,noah.taylor,security.lead,Legal,Legacy issue,2025-07-04,2025-08-08,EXPIRED,HIGH,
EXC-0487,admin_access,paul.lewis,manager.001,IT Infrastructure,Database migration support for project 385,2025-04-22,2025-06-29,EXPIRED,HIGH,
EXC-0488,firewall_rule_open,platform.eng,security.lead,IT Infrastructure,Disaster recovery drill access,2025-05-07,2025-05-26,REVOKED,MEDIUM,
EXC-0489,vendor_access_waiver,alice.taylor,compliance.officer,Data & Analytics,Disaster recovery drill access,2026-02-24,2026-06-05,ACTIVE,HIGH,
EXC-0490,firewall_rule_open,data.eng,manager.001,Operations,Database migration support for project 890,2025-07-02,2026-06-22,ACTIVE,MEDIUM,
EXC-0491,firewall_rule_open,leo.garcia,platform.lead,Data & Analytics,Production troubleshooting for incident INC-981,2025-12-31,2026-05-19,ACTIVE,CRITICAL,
EXC-0492,vendor_access_waiver,dev.lead,ciso.office,Security,Production troubleshooting for incident INC-213,2025-11-21,2026-08-14,ACTIVE,HIGH,
EXC-0493,data_access_exception,dev.lead,platform.lead,Legal,Operational requirement,2025-05-19,2025-07-03,ACTIVE,HIGH,
EXC-0494,firewall_rule_open,grace.patel,it.director,IT Infrastructure,Quarterly penetration test access window,2025-12-28,2026-05-02,ACTIVE,MEDIUM,
EXC-0495,admin_access,security.ops,it.director,Data & Analytics,Integration with Partner Ltd API gateway,2025-12-11,2026-03-03,REVOKED,HIGH,
EXC-0496,data_access_exception,uma.jones,manager.001,Data & Analytics,Temporary issue,2025-12-16,2026-06-24,ACTIVE,HIGH,
EXC-0497,data_access_exception,platform.eng,alice.smith,HR,Production troubleshooting for incident INC-992,2026-01-28,2026-06-26,ACTIVE,HIGH,
EXC-0498,background_check_pending,security.ops,compliance.officer,IT Infrastructure,Short-term fix,2026-02-10,2026-07-03,ACTIVE,CRITICAL,
EXC-0499,data_access_exception,victor.clark,it.director,HR,Legacy issue,2025-05-28,2026-04-26,ACTIVE,MEDIUM,
EXC-0500,background_check_pending,dave.wilson,ciso.office,Data & Analytics,Legacy system compatibility during migration to v828,2026-01-27,2026-04-03,RENEWAL_REQUESTED,MEDIUM,2026-02-17
EXC-0501,firewall_rule_open,victor.lee,security.lead,Sales,Legacy issue,2026-02-06,2026-03-24,RENEWAL_REQUESTED,MEDIUM,2026-03-02
EXC-0502,encryption_waiver,platform.eng,alice.smith,Legal,Database migration support for project 886,2026-02-23,2026-05-23,ACTIVE,HIGH,
EXC-0503,firewall_rule_open,jack.lee,alice.smith,Customer Support,Vendor SOC 2 audit data extraction,2025-09-13,2025-11-26,REVOKED,MEDIUM,
EXC-0504,background_check_pending,ravi.lee,it.director,Legal,Database migration support for project 141,2025-10-17,2026-02-10,RENEWAL_REQUESTED,MEDIUM,2025-11-25
EXC-0505,encryption_waiver,platform.eng,it.director,Legal,Quarterly penetration test access window,2026-04-05,2026-04-25,ACTIVE,HIGH,
EXC-0506,firewall_rule_open,release.mgmt,bob.jones,Customer Support,Disaster recovery drill access,2026-04-04,2026-05-08,ACTIVE,MEDIUM,
EXC-0507,admin_access,dev.lead,ciso.office,Legal,Database migration support for project 995,2025-08-03,2026-06-06,ACTIVE,HIGH,
EXC-0508,data_access_exception,irene.garcia,compliance.officer,Security,Vendor SOC 2 audit data extraction,2026-04-03,2026-05-13,ACTIVE,HIGH,
EXC-0509,admin_access,ravi.moore,bob.jones,Engineering,Legacy system compatibility during migration to v304,2026-02-15,2026-07-15,ACTIVE,HIGH,
EXC-0510,firewall_rule_open,irene.lewis,alice.smith,HR,Database migration support for project 227,2026-03-07,2026-06-08,ACTIVE,MEDIUM,
EXC-0511,admin_access,irene.taylor,security.lead,Data & Analytics,New hire onboarding pending background check completion,2025-06-15,2026-05-21,ACTIVE,HIGH,
EXC-0512,admin_access,kelly.lewis,compliance.officer,HR,Database migration support for project 810,2025-06-15,2025-08-15,EXPIRED,HIGH,
EXC-0513,background_check_pending,dev.lead,security.lead,Legal,Vendor SOC 2 audit data extraction,2025-12-12,2026-08-09,ACTIVE,MEDIUM,
EXC-0514,data_access_exception,ops.team,manager.001,Finance,Legacy system compatibility during migration to v656,2025-09-23,2026-07-15,ACTIVE,HIGH,
EXC-0515,background_check_pending,security.ops,bob.jones,Customer Support,Legacy system compatibility during migration to v113,2025-06-24,2025-09-12,REVOKED,MEDIUM,
EXC-0516,encryption_waiver,mia.miller,security.lead,Operations,Integration with Partner Ltd API gateway,2025-12-27,2026-06-07,ACTIVE,HIGH,
EXC-0517,data_access_exception,bob.patel,security.lead,Engineering,Quarterly penetration test access window,2025-10-17,2025-11-17,REVOKED,HIGH,
EXC-0518,dev_environment_exception,jack.garcia,ciso.office,Engineering,Integration with Partner Ltd API gateway,2025-11-07,2025-12-23,RENEWAL_REQUESTED,LOW,2026-03-06
EXC-0519,vendor_access_waiver,platform.eng,ciso.office,Finance,New hire onboarding pending background check completion,2026-02-17,2026-08-24,ACTIVE,HIGH,
EXC-0520,admin_access,dev.lead,it.director,Operations,Production troubleshooting for incident INC-167,2025-11-28,2026-03-23,RENEWAL_REQUESTED,HIGH,2025-12-09
EXC-0521,background_check_pending,ops.team,manager.001,IT Infrastructure,Legacy system compatibility during migration to v786,2025-10-21,2026-04-30,ACTIVE,CRITICAL,
EXC-0522,firewall_rule_open,henry.wilson,platform.lead,Finance,New hire onboarding pending background check completion,2026-03-10,2026-07-26,ACTIVE,MEDIUM,
EXC-0523,encryption_waiver,dev.lead,bob.jones,Sales,Vendor SOC 2 audit data extraction,2026-03-31,2026-04-19,ACTIVE,HIGH,
EXC-0524,data_access_exception,paul.chen,compliance.officer,Operations,Quarterly penetration test access window,2025-12-02,2026-07-22,ACTIVE,HIGH,
EXC-0525,dev_environment_exception,bob.miller,it.director,Operations,Database migration support for project 714,2025-09-21,2025-11-30,EXPIRED,LOW,
EXC-0526,dev_environment_exception,mia.kumar,bob.jones,Data & Analytics,Emergency,2025-12-16,2026-05-18,ACTIVE,LOW,
EXC-0527,dev_environment_exception,bob.patel,security.lead,Security,Integration with Partner Ltd API gateway,2026-01-29,2026-05-12,ACTIVE,CRITICAL,
EXC-0528,admin_access,platform.eng,platform.lead,Sales,Quarterly penetration test access window,2025-12-02,2026-04-26,ACTIVE,HIGH,
EXC-0529,background_check_pending,tom.moore,platform.lead,Data & Analytics,Legacy issue,2026-03-05,2026-04-22,ACTIVE,MEDIUM,
EXC-0530,data_access_exception,tom.lee,alice.smith,Operations,Legacy system compatibility during migration to v410,2026-03-08,2026-07-25,ACTIVE,HIGH,
EXC-0531,dev_environment_exception,bob.lewis,it.director,Sales,Production troubleshooting for incident INC-882,2026-03-06,2026-04-22,ACTIVE,LOW,
EXC-0532,admin_access,carol.moore,it.director,Legal,Database migration support for project 570,2025-05-03,2025-05-21,EXPIRED,HIGH,
EXC-0533,vendor_access_waiver,irene.garcia,it.director,Security,Short-term fix,2025-12-20,2026-05-17,ACTIVE,HIGH,
EXC-0534,dev_environment_exception,uma.lewis,it.director,Customer Support,Production troubleshooting for incident INC-500,2025-08-27,2025-11-12,REVOKED,LOW,
EXC-0535,dev_environment_exception,irene.miller,alice.smith,Engineering,Legacy system compatibility during migration to v957,2025-12-14,2026-02-26,RENEWAL_REQUESTED,LOW,2026-03-08
EXC-0536,admin_access,tom.miller,compliance.officer,Operations,New hire onboarding pending background check completion,2025-07-29,2026-08-12,ACTIVE,MEDIUM,
EXC-0537,firewall_rule_open,ravi.jones,bob.jones,HR,Disaster recovery drill access,2025-11-06,2026-09-07,ACTIVE,MEDIUM,
EXC-0538,encryption_waiver,release.mgmt,alice.smith,Legal,Disaster recovery drill access,2025-12-03,2026-03-16,RENEWAL_REQUESTED,HIGH,2025-12-25
EXC-0539,background_check_pending,victor.kumar,platform.lead,Data & Analytics,Integration with Partner Ltd API gateway,2025-12-13,2026-07-22,ACTIVE,MEDIUM,
EXC-0540,background_check_pending,frank.davis,ciso.office,Engineering,Integration with Partner Ltd API gateway,2026-02-11,2026-05-24,ACTIVE,MEDIUM,
EXC-0541,data_access_exception,ops.team,it.director,Security,Business need,2025-12-29,2026-07-13,ACTIVE,HIGH,
EXC-0542,data_access_exception,jack.kumar,compliance.officer,Security,Legacy system compatibility during migration to v690,2026-02-25,2026-05-29,ACTIVE,HIGH,
EXC-0543,data_access_exception,release.mgmt,ciso.office,Customer Support,Disaster recovery drill access,2026-01-29,2026-02-19,EXPIRED,HIGH,
EXC-0544,encryption_waiver,grace.lee,ciso.office,Security,Integration with Partner Ltd API gateway,2025-07-28,2025-10-02,REVOKED,HIGH,
EXC-0545,background_check_pending,qa.team,ciso.office,IT Infrastructure,Temporary issue,2025-06-12,2025-07-15,EXPIRED,MEDIUM,
EXC-0546,admin_access,data.eng,it.director,Data & Analytics,Business need,2025-08-01,2026-05-20,ACTIVE,MEDIUM,
EXC-0547,encryption_waiver,henry.garcia,alice.smith,Data & Analytics,Production troubleshooting for incident INC-980,2025-05-27,2025-07-20,REVOKED,HIGH,
EXC-0548,background_check_pending,infra.team,platform.lead,Operations,Quarterly penetration test access window,2025-05-13,2026-09-17,ACTIVE,MEDIUM,
EXC-0549,data_access_exception,grace.patel,platform.lead,Legal,Quarterly penetration test access window,2025-12-31,2026-06-11,ACTIVE,HIGH,
EXC-0550,data_access_exception,ravi.smith,it.director,Customer Support,Legacy system compatibility during migration to v471,2026-01-21,2026-06-24,ACTIVE,HIGH,
EXC-0551,data_access_exception,irene.doe,alice.smith,Engineering,New hire onboarding pending background check completion,2025-09-26,2026-05-14,ACTIVE,CRITICAL,
EXC-0552,vendor_access_waiver,kelly.patel,manager.001,Data & Analytics,Disaster recovery drill access,2026-03-18,2026-07-21,ACTIVE,CRITICAL,
EXC-0553,encryption_waiver,platform.eng,ciso.office,Sales,Legacy system compatibility during migration to v549,2026-02-20,2026-05-01,RENEWAL_REQUESTED,HIGH,2026-03-14
EXC-0554,background_check_pending,alice.brown,bob.jones,Data & Analytics,Integration with Partner Ltd API gateway,2026-01-25,2026-08-17,ACTIVE,MEDIUM,
EXC-0555,encryption_waiver,wendy.miller,it.director,Engineering,Integration with Partner Ltd API gateway,2026-02-22,2026-08-08,ACTIVE,HIGH,
EXC-0556,admin_access,qa.team,compliance.officer,Legal,Emergency,2025-05-29,2026-05-31,ACTIVE,HIGH,
EXC-0557,encryption_waiver,infra.team,manager.001,Engineering,Disaster recovery drill access,2025-11-23,2026-09-06,ACTIVE,HIGH,
EXC-0558,admin_access,henry.lee,bob.jones,Legal,Operational requirement,2025-04-22,2026-05-17,ACTIVE,HIGH,
EXC-0559,background_check_pending,noah.lewis,bob.jones,Sales,New hire onboarding pending background check completion,2025-08-29,2025-10-18,REVOKED,MEDIUM,
EXC-0560,data_access_exception,platform.eng,manager.001,HR,New hire onboarding pending background check completion,2025-11-15,2025-12-22,REVOKED,HIGH,
EXC-0561,background_check_pending,data.eng,ciso.office,Sales,New hire onboarding pending background check completion,2025-10-26,2026-04-21,ACTIVE,CRITICAL,
EXC-0562,admin_access,qa.team,platform.lead,Security,Legacy issue,2026-02-17,2026-05-31,ACTIVE,HIGH,
EXC-0563,firewall_rule_open,kelly.smith,alice.smith,HR,Legacy system compatibility during migration to v366,2026-01-17,2026-09-11,ACTIVE,MEDIUM,
EXC-0564,firewall_rule_open,jack.clark,security.lead,Operations,Database migration support for project 992,2026-02-19,2026-05-25,ACTIVE,MEDIUM,
EXC-0565,background_check_pending,security.ops,compliance.officer,HR,Temporary issue,2025-09-18,2026-08-19,ACTIVE,HIGH,
EXC-0566,encryption_waiver,olivia.lee,it.director,Engineering,Disaster recovery drill access,2025-12-29,2026-06-09,ACTIVE,HIGH,
EXC-0567,admin_access,olivia.smith,it.director,Legal,Business need,2025-08-19,2026-05-03,ACTIVE,MEDIUM,
EXC-0568,firewall_rule_open,emma.garcia,ciso.office,IT Infrastructure,New hire onboarding pending background check completion,2026-02-07,2026-02-21,EXPIRED,MEDIUM,
EXC-0569,data_access_exception,grace.lewis,bob.jones,Legal,Production troubleshooting for incident INC-183,2025-12-02,2026-09-04,ACTIVE,HIGH,
EXC-0570,data_access_exception,uma.lewis,it.director,HR,Production troubleshooting for incident INC-437,2025-09-23,2026-01-14,RENEWAL_REQUESTED,HIGH,2026-03-11
EXC-0571,data_access_exception,qa.team,manager.001,Engineering,Quarterly penetration test access window,2025-05-13,2026-05-25,ACTIVE,HIGH,
EXC-0572,dev_environment_exception,infra.team,ciso.office,Finance,Emergency,2025-05-30,2025-06-15,EXPIRED,LOW,
EXC-0573,firewall_rule_open,infra.team,ciso.office,Finance,Short-term fix,2026-02-19,2026-08-16,ACTIVE,MEDIUM,
EXC-0574,admin_access,paul.kumar,it.director,Data & Analytics,Database migration support for project 374,2026-01-28,2026-04-28,REVOKED,HIGH,
EXC-0575,data_access_exception,kelly.garcia,compliance.officer,Security,Operational requirement,2025-12-08,2026-09-27,ACTIVE,HIGH,
EXC-0576,firewall_rule_open,victor.lee,it.director,Customer Support,Integration with Partner Ltd API gateway,2025-09-10,2025-10-19,ACTIVE,CRITICAL,
EXC-0577,admin_access,olivia.davis,security.lead,Finance,Business need,2026-01-03,2026-05-11,ACTIVE,HIGH,
EXC-0578,admin_access,paul.taylor,compliance.officer,Operations,Quarterly penetration test access window,2025-10-13,2025-11-28,EXPIRED,HIGH,
EXC-0579,background_check_pending,carol.clark,security.lead,Finance,Database migration support for project 738,2026-02-15,2026-07-31,ACTIVE,MEDIUM,
EXC-0580,background_check_pending,qa.team,manager.001,Finance,Production troubleshooting for incident INC-275,2026-01-06,2026-05-20,ACTIVE,MEDIUM,
EXC-0581,vendor_access_waiver,victor.moore,it.director,HR,Vendor SOC 2 audit data extraction,2025-11-03,2025-12-25,EXPIRED,HIGH,
EXC-0582,firewall_rule_open,platform.eng,bob.jones,Engineering,New hire onboarding pending background check completion,2025-09-18,2025-11-13,RENEWAL_REQUESTED,MEDIUM,2026-01-29
EXC-0583,vendor_access_waiver,platform.eng,compliance.officer,Customer Support,Legacy issue,2025-12-08,2026-01-09,REVOKED,HIGH,
EXC-0584,data_access_exception,qa.team,security.lead,Data & Analytics,Database migration support for project 120,2025-12-01,2026-01-17,ACTIVE,HIGH,
EXC-0585,firewall_rule_open,infra.team,alice.smith,Legal,Short-term fix,2025-11-22,2026-01-28,REVOKED,MEDIUM,
EXC-0586,vendor_access_waiver,wendy.davis,alice.smith,Data & Analytics,Quarterly penetration test access window,2025-11-16,2026-06-29,ACTIVE,HIGH,
EXC-0587,vendor_access_waiver,olivia.patel,it.director,IT Infrastructure,Vendor SOC 2 audit data extraction,2026-02-23,2026-08-20,ACTIVE,HIGH,
EXC-0588,data_access_exception,platform.eng,platform.lead,IT Infrastructure,Vendor SOC 2 audit data extraction,2025-06-29,2026-08-02,ACTIVE,HIGH,
EXC-0589,background_check_pending,emma.kumar,ciso.office,Operations,Legacy system compatibility during migration to v277,2025-07-26,2025-08-15,ACTIVE,CRITICAL,
EXC-0590,admin_access,olivia.davis,manager.001,Sales,Production troubleshooting for incident INC-467,2025-08-26,2025-09-27,ACTIVE,HIGH,
EXC-0591,firewall_rule_open,paul.smith,bob.jones,Legal,Production troubleshooting for incident INC-888,2025-12-01,2026-08-28,ACTIVE,MEDIUM,
EXC-0592,dev_environment_exception,qa.team,bob.jones,Engineering,Integration with Partner Ltd API gateway,2025-08-10,2026-04-23,ACTIVE,MEDIUM,
EXC-0593,background_check_pending,paul.patel,security.lead,Operations,Vendor SOC 2 audit data extraction,2025-07-04,2025-08-24,REVOKED,MEDIUM,
EXC-0594,background_check_pending,wendy.patel,security.lead,Legal,Production troubleshooting for incident INC-351,2025-05-16,2026-06-20,ACTIVE,HIGH,
EXC-0595,vendor_access_waiver,jack.davis,security.lead,Operations,Short-term fix,2025-10-16,2026-07-24,ACTIVE,HIGH,
EXC-0596,vendor_access_waiver,infra.team,manager.001,Finance,Production troubleshooting for incident INC-553,2026-02-13,2026-07-20,ACTIVE,HIGH,
EXC-0597,firewall_rule_open,victor.jones,bob.jones,Legal,Legacy system compatibility during migration to v688,2026-02-20,2026-05-26,ACTIVE,MEDIUM,
EXC-0598,admin_access,victor.davis,compliance.officer,Security,Legacy system compatibility during migration to v817,2026-01-20,2026-05-26,ACTIVE,HIGH,
EXC-0599,data_access_exception,frank.clark,platform.lead,Security,Quarterly penetration test access window,2025-05-28,2025-06-09,ACTIVE,CRITICAL,
EXC-0600,data_access_exception,wendy.lee,ciso.office,Sales,Legacy system compatibility during migration to v123,2025-07-03,2026-10-12,ACTIVE,HIGH,
