exception_id,is_anomaly,severity,anomaly_type,all_anomaly_types,scenario_source
EXC-0001,False,NONE,NONE,NONE,clean_expired_revoked
EXC-0002,False,NONE,NONE,NONE,clean_expired_revoked
EXC-0003,True,MEDIUM,HIGH_RISK_LONG_EXCEPTION,HIGH_RISK_LONG_EXCEPTION,clean_active
EXC-0004,False,NONE,NONE,NONE,clean_active
EXC-0005,True,MEDIUM,HIGH_RISK_LONG_EXCEPTION,HIGH_RISK_LONG_EXCEPTION,clean_active
EXC-0006,False,NONE,NONE,NONE,clean_expired_revoked
EXC-0007,True,HIGH,LONG_RUNNING_EXCEPTION,LONG_RUNNING_EXCEPTION,high_risk_long
EXC-0008,True,MEDIUM,STALLED_REVIEW,STALLED_REVIEW,stalled_review
EXC-0009,False,NONE,NONE,NONE,clean_expired_revoked
EXC-0010,False,NONE,NONE,NONE,clean_active
EXC-0011,True,HIGH,LONG_RUNNING_EXCEPTION,LONG_RUNNING_EXCEPTION,long_running
EXC-0012,False,NONE,NONE,NONE,clean_active
EXC-0013,False,NONE,NONE,NONE,clean_expired_revoked
EXC-0014,False,NONE,NONE,NONE,clean_expired_revoked
EXC-0015,True,MEDIUM,HIGH_RISK_LONG_EXCEPTION,HIGH_RISK_LONG_EXCEPTION,clean_active
EXC-0016,True,MEDIUM,STALLED_REVIEW,STALLED_REVIEW,stalled_review
EXC-0017,False,NONE,NONE,NONE,clean_active
EXC-0018,False,NONE,NONE,NONE,clean_active
EXC-0019,False,NONE,NONE,NONE,clean_expired_revoked
EXC-0020,False,NONE,NONE,NONE,clean_active
EXC-0021,False,NONE,NONE,NONE,clean_expired_revoked
EXC-0022,False,NONE,NONE,NONE,clean_active
EXC-0023,False,NONE,NONE,NONE,clean_active
EXC-0024,False,NONE,NONE,NONE,clean_expired_revoked
EXC-0025,False,NONE,NONE,NONE,clean_active
EXC-0026,False,NONE,NONE,NONE,clean_active
EXC-0027,False,NONE,NONE,NONE,clean_expired_revoked
EXC-0028,True,MEDIUM,HIGH_RISK_LONG_EXCEPTION,HIGH_RISK_LONG_EXCEPTION,clean_active
EXC-0029,False,NONE,NONE,NONE,clean_active
EXC-0030,True,HIGH,CRITICAL_RISK_EXCEPTION,CRITICAL_RISK_EXCEPTION|LONG_RUNNING_EXCEPTION,critical_needs_review
EXC-0031,False,NONE,NONE,NONE,clean_active
EXC-0032,False,NONE,NONE,NONE,clean_active
EXC-0033,False,NONE,NONE,NONE,clean_active
EXC-0034,False,NONE,NONE,NONE,clean_active
EXC-0035,True,CRITICAL,EXPIRED_ACTIVE_EXCEPTION,EXPIRED_ACTIVE_EXCEPTION|HIGH_RISK_LONG_EXCEPTION,expired_active
EXC-0036,True,MEDIUM,HIGH_RISK_LONG_EXCEPTION,HIGH_RISK_LONG_EXCEPTION,clean_active
EXC-0037,False,NONE,NONE,NONE,clean_active
EXC-0038,False,NONE,NONE,NONE,clean_expired_revoked
EXC-0039,False,NONE,NONE,NONE,clean_active
EXC-0040,True,CRITICAL,EXPIRED_ACTIVE_EXCEPTION,EXPIRED_ACTIVE_EXCEPTION|CRITICAL_RISK_EXCEPTION|LONG_RUNNING_EXCEPTION,expired_active
EXC-0041,True,MEDIUM,HIGH_RISK_LONG_EXCEPTION,HIGH_RISK_LONG_EXCEPTION,high_risk_long
EXC-0042,False,NONE,NONE,NONE,clean_active
EXC-0043,True,HIGH,LONG_RUNNING_EXCEPTION,LONG_RUNNING_EXCEPTION,long_running
EXC-0044,True,MEDIUM,HIGH_RISK_LONG_EXCEPTION,HIGH_RISK_LONG_EXCEPTION,clean_active
EXC-0045,False,NONE,NONE,NONE,clean_active
EXC-0046,True,MEDIUM,HIGH_RISK_LONG_EXCEPTION,HIGH_RISK_LONG_EXCEPTION,high_risk_long
EXC-0047,True,HIGH,LONG_RUNNING_EXCEPTION,LONG_RUNNING_EXCEPTION,high_risk_long
EXC-0048,False,NONE,NONE,NONE,clean_active
EXC-0049,False,NONE,NONE,NONE,clean_active
EXC-0050,False,NONE,NONE,NONE,clean_active
EXC-0051,False,NONE,NONE,NONE,clean_active
EXC-0052,False,NONE,NONE,NONE,clean_active
EXC-0053,False,NONE,NONE,NONE,clean_active
EXC-0054,False,NONE,NONE,NONE,clean_active
EXC-0055,True,MEDIUM,STALLED_REVIEW,STALLED_REVIEW,stalled_review
EXC-0056,True,MEDIUM,STALLED_REVIEW,STALLED_REVIEW,stalled_review
EXC-0057,True,MEDIUM,HIGH_RISK_LONG_EXCEPTION,HIGH_RISK_LONG_EXCEPTION,clean_active
EXC-0058,False,NONE,NONE,NONE,clean_active
EXC-0059,True,HIGH,LONG_RUNNING_EXCEPTION,LONG_RUNNING_EXCEPTION,long_running
EXC-0060,False,NONE,NONE,NONE,clean_active
EXC-0061,False,NONE,NONE,NONE,clean_active
EXC-0062,False,NONE,NONE,NONE,clean_expired_revoked
EXC-0063,True,HIGH,LONG_RUNNING_EXCEPTION,LONG_RUNNING_EXCEPTION,long_running
EXC-0064,False,NONE,NONE,NONE,clean_active
EXC-0065,False,NONE,NONE,NONE,clean_expired_revoked
EXC-0066,True,MEDIUM,STALLED_REVIEW,STALLED_REVIEW,stalled_review
EXC-0067,True,HIGH,LONG_RUNNING_EXCEPTION,LONG_RUNNING_EXCEPTION,long_running
EXC-0068,False,NONE,NONE,NONE,clean_active
EXC-0069,True,HIGH,LONG_RUNNING_EXCEPTION,LONG_RUNNING_EXCEPTION,long_running
EXC-0070,False,NONE,NONE,NONE,clean_expired_revoked
EXC-0071,False,NONE,NONE,NONE,clean_expired_revoked
EXC-0072,False,NONE,NONE,NONE,clean_expired_revoked
EXC-0073,False,NONE,NONE,NONE,clean_expired_revoked
EXC-0074,False,NONE,NONE,NONE,clean_expired_revoked
EXC-0075,True,MEDIUM,HIGH_RISK_LONG_EXCEPTION,HIGH_RISK_LONG_EXCEPTION,clean_active
EXC-0076,False,NONE,NONE,NONE,clean_expired_revoked
EXC-0077,True,MEDIUM,HIGH_RISK_LONG_EXCEPTION,HIGH_RISK_LONG_EXCEPTION,clean_active
EXC-0078,True,MEDIUM,STALLED_REVIEW,STALLED_REVIEW,stalled_review
EXC-0079,False,NONE,NONE,NONE,clean_active
EXC-0080,True,MEDIUM,STALLED_REVIEW,STALLED_REVIEW,stalled_review
EXC-0081,True,MEDIUM,STALLED_REVIEW,STALLED_REVIEW,stalled_review
EXC-0082,True,CRITICAL,EXPIRED_ACTIVE_EXCEPTION,EXPIRED_ACTIVE_EXCEPTION|HIGH_RISK_LONG_EXCEPTION,expired_active
EXC-0083,True,HIGH,LONG_RUNNING_EXCEPTION,LONG_RUNNING_EXCEPTION,long_running
EXC-0084,False,NONE,NONE,NONE,clean_expired_revoked
EXC-0085,False,NONE,NONE,NONE,clean_expired_revoked
EXC-0086,True,HIGH,LONG_RUNNING_EXCEPTION,LONG_RUNNING_EXCEPTION,long_running
EXC-0087,True,CRITICAL,EXPIRED_ACTIVE_EXCEPTION,EXPIRED_ACTIVE_EXCEPTION|LONG_RUNNING_EXCEPTION,expired_active
EXC-0088,False,NONE,NONE,NONE,clean_active
EXC-0089,False,NONE,NONE,NONE,clean_expired_revoked
EXC-0090,False,NONE,NONE,NONE,clean_expired_revoked
EXC-0091,True,MEDIUM,HIGH_RISK_LONG_EXCEPTION,HIGH_RISK_LONG_EXCEPTION,clean_active
EXC-0092,False,NONE,NONE,NONE,clean_active
EXC-0093,False,NONE,NONE,NONE,clean_active
EXC-0094,True,HIGH,CRITICAL_RISK_EXCEPTION,CRITICAL_RISK_EXCEPTION,critical_needs_review
EXC-0095,False,NONE,NONE,NONE,clean_expired_revoked
EXC-0096,False,NONE,NONE,NONE,clean_expired_revoked
EXC-0097,True,MEDIUM,STALLED_REVIEW,STALLED_REVIEW,stalled_review
EXC-0098,False,NONE,NONE,NONE,clean_expired_revoked
EXC-0099,True,HIGH,LONG_RUNNING_EXCEPTION,LONG_RUNNING_EXCEPTION,high_risk_long
EXC-0100,False,NONE,NONE,NONE,clean_expired_revoked
EXC-0101,False,NONE,NONE,NONE,clean_expired_revoked
EXC-0102,False,NONE,NONE,NONE,clean_expired_revoked
EXC-0103,True,HIGH,LONG_RUNNING_EXCEPTION,LONG_RUNNING_EXCEPTION,long_running
EXC-0104,False,NONE,NONE,NONE,clean_active
EXC-0105,False,NONE,NONE,NONE,clean_active
EXC-0106,True,MEDIUM,STALLED_REVIEW,STALLED_REVIEW,stalled_review
EXC-0107,True,MEDIUM,HIGH_RISK_LONG_EXCEPTION,HIGH_RISK_LONG_EXCEPTION,high_risk_long
EXC-0108,True,HIGH,LONG_RUNNING_EXCEPTION,LONG_RUNNING_EXCEPTION,long_running
EXC-0109,True,HIGH,LONG_RUNNING_EXCEPTION,LONG_RUNNING_EXCEPTION,high_risk_long
EXC-0110,False,NONE,NONE,NONE,clean_expired_revoked
EXC-0111,True,MEDIUM,HIGH_RISK_LONG_EXCEPTION,HIGH_RISK_LONG_EXCEPTION,clean_active
EXC-0112,False,NONE,NONE,NONE,clean_expired_revoked
EXC-0113,True,MEDIUM,STALLED_REVIEW,STALLED_REVIEW,stalled_review
EXC-0114,False,NONE,NONE,NONE,clean_active
EXC-0115,True,HIGH,LONG_RUNNING_EXCEPTION,LONG_RUNNING_EXCEPTION,high_risk_long
EXC-0116,True,HIGH,LONG_RUNNING_EXCEPTION,LONG_RUNNING_EXCEPTION,long_running
EXC-0117,True,CRITICAL,EXPIRED_ACTIVE_EXCEPTION,EXPIRED_ACTIVE_EXCEPTION|CRITICAL_RISK_EXCEPTION|LONG_RUNNING_EXCEPTION,expired_active
EXC-0118,True,MEDIUM,STALLED_REVIEW,STALLED_REVIEW,stalled_review
EXC-0119,True,MEDIUM,HIGH_RISK_LONG_EXCEPTION,HIGH_RISK_LONG_EXCEPTION,clean_active
EXC-0120,True,CRITICAL,EXPIRED_ACTIVE_EXCEPTION,EXPIRED_ACTIVE_EXCEPTION|CRITICAL_RISK_EXCEPTION,expired_active
EXC-0121,False,NONE,NONE,NONE,clean_active
EXC-0122,True,MEDIUM,HIGH_RISK_LONG_EXCEPTION,HIGH_RISK_LONG_EXCEPTION,clean_active
EXC-0123,True,HIGH,CRITICAL_RISK_EXCEPTION,CRITICAL_RISK_EXCEPTION|LONG_RUNNING_EXCEPTION,critical_needs_review
EXC-0124,True,HIGH,LONG_RUNNING_EXCEPTION,LONG_RUNNING_EXCEPTION,high_risk_long
EXC-0125,True,HIGH,LONG_RUNNING_EXCEPTION,LONG_RUNNING_EXCEPTION,long_running
EXC-0126,True,MEDIUM,HIGH_RISK_LONG_EXCEPTION,HIGH_RISK_LONG_EXCEPTION,clean_active
EXC-0127,True,HIGH,LONG_RUNNING_EXCEPTION,LONG_RUNNING_EXCEPTION,long_running
EXC-0128,True,MEDIUM,HIGH_RISK_LONG_EXCEPTION,HIGH_RISK_LONG_EXCEPTION,clean_active
EXC-0129,True,MEDIUM,STALLED_REVIEW,STALLED_REVIEW,stalled_review
EXC-0130,True,HIGH,LONG_RUNNING_EXCEPTION,LONG_RUNNING_EXCEPTION,high_risk_long
EXC-0131,False,NONE,NONE,NONE,clean_expired_revoked
EXC-0132,False,NONE,NONE,NONE,clean_expired_revoked
EXC-0133,False,NONE,NONE,NONE,clean_active
EXC-0134,True,MEDIUM,HIGH_RISK_LONG_EXCEPTION,HIGH_RISK_LONG_EXCEPTION,clean_active
EXC-0135,False,NONE,NONE,NONE,clean_expired_revoked
EXC-0136,True,MEDIUM,HIGH_RISK_LONG_EXCEPTION,HIGH_RISK_LONG_EXCEPTION,clean_active
EXC-0137,False,NONE,NONE,NONE,clean_active
EXC-0138,False,NONE,NONE,NONE,clean_expired_revoked
EXC-0139,False,NONE,NONE,NONE,clean_expired_revoked
EXC-0140,False,NONE,NONE,NONE,clean_active
EXC-0141,False,NONE,NONE,NONE,clean_expired_revoked
EXC-0142,True,HIGH,CRITICAL_RISK_EXCEPTION,CRITICAL_RISK_EXCEPTION,critical_needs_review
EXC-0143,False,NONE,NONE,NONE,clean_expired_revoked
EXC-0144,True,MEDIUM,HIGH_RISK_LONG_EXCEPTION,HIGH_RISK_LONG_EXCEPTION,clean_active
EXC-0145,True,MEDIUM,STALLED_REVIEW,STALLED_REVIEW,stalled_review
EXC-0146,False,NONE,NONE,NONE,clean_active
EXC-0147,False,NONE,NONE,NONE,clean_expired_revoked
EXC-0148,False,NONE,NONE,NONE,clean_active
EXC-0149,True,HIGH,CRITICAL_RISK_EXCEPTION,CRITICAL_RISK_EXCEPTION|LONG_RUNNING_EXCEPTION,critical_needs_review
EXC-0150,True,MEDIUM,HIGH_RISK_LONG_EXCEPTION,HIGH_RISK_LONG_EXCEPTION,high_risk_long
EXC-0151,True,MEDIUM,STALLED_REVIEW,STALLED_REVIEW,stalled_review
EXC-0152,True,MEDIUM,STALLED_REVIEW,STALLED_REVIEW,stalled_review
EXC-0153,True,HIGH,LONG_RUNNING_EXCEPTION,LONG_RUNNING_EXCEPTION,high_risk_long
EXC-0154,False,NONE,NONE,NONE,clean_expired_revoked
EXC-0155,True,HIGH,LONG_RUNNING_EXCEPTION,LONG_RUNNING_EXCEPTION,long_running
EXC-0156,True,HIGH,CRITICAL_RISK_EXCEPTION,CRITICAL_RISK_EXCEPTION,critical_needs_review
EXC-0157,True,MEDIUM,STALLED_REVIEW,STALLED_REVIEW,stalled_review
EXC-0158,True,HIGH,CRITICAL_RISK_EXCEPTION,CRITICAL_RISK_EXCEPTION,critical_needs_review
EXC-0159,False,NONE,NONE,NONE,clean_active
EXC-0160,True,HIGH,LONG_RUNNING_EXCEPTION,LONG_RUNNING_EXCEPTION,high_risk_long
EXC-0161,False,NONE,NONE,NONE,clean_active
EXC-0162,True,MEDIUM,STALLED_REVIEW,STALLED_REVIEW,stalled_review
EXC-0163,True,HIGH,LONG_RUNNING_EXCEPTION,LONG_RUNNING_EXCEPTION,long_running
EXC-0164,True,MEDIUM,STALLED_REVIEW,STALLED_REVIEW,stalled_review
EXC-0165,True,HIGH,CRITICAL_RISK_EXCEPTION,CRITICAL_RISK_EXCEPTION,critical_needs_review
EXC-0166,False,NONE,NONE,NONE,clean_active
EXC-0167,True,MEDIUM,HIGH_RISK_LONG_EXCEPTION,HIGH_RISK_LONG_EXCEPTION,clean_active
EXC-0168,False,NONE,NONE,NONE,clean_expired_revoked
EXC-0169,False,NONE,NONE,NONE,clean_active
EXC-0170,False,NONE,NONE,NONE,clean_active
EXC-0171,False,NONE,NONE,NONE,clean_active
EXC-0172,False,NONE,NONE,NONE,clean_expired_revoked
EXC-0173,True,HIGH,LONG_RUNNING_EXCEPTION,LONG_RUNNING_EXCEPTION,long_running
EXC-0174,False,NONE,NONE,NONE,clean_active
EXC-0175,True,MEDIUM,STALLED_REVIEW,STALLED_REVIEW,stalled_review
EXC-0176,True,MEDIUM,HIGH_RISK_LONG_EXCEPTION,HIGH_RISK_LONG_EXCEPTION,high_risk_long
EXC-0177,False,NONE,NONE,NONE,clean_active
EXC-0178,True,MEDIUM,HIGH_RISK_LONG_EXCEPTION,HIGH_RISK_LONG_EXCEPTION,clean_active
EXC-0179,False,NONE,NONE,NONE,clean_active
EXC-0180,False,NONE,NONE,NONE,clean_expired_revoked
EXC-0181,True,MEDIUM,STALLED_REVIEW,STALLED_REVIEW,stalled_review
EXC-0182,True,CRITICAL,EXPIRED_ACTIVE_EXCEPTION,EXPIRED_ACTIVE_EXCEPTION|CRITICAL_RISK_EXCEPTION|LONG_RUNNING_EXCEPTION,expired_active
EXC-0183,True,CRITICAL,EXPIRED_ACTIVE_EXCEPTION,EXPIRED_ACTIVE_EXCEPTION|LONG_RUNNING_EXCEPTION,expired_active
EXC-0184,False,NONE,NONE,NONE,clean_active
EXC-0185,True,HIGH,LONG_RUNNING_EXCEPTION,LONG_RUNNING_EXCEPTION,high_risk_long
EXC-0186,True,MEDIUM,HIGH_RISK_LONG_EXCEPTION,HIGH_RISK_LONG_EXCEPTION,clean_active
EXC-0187,False,NONE,NONE,NONE,clean_expired_revoked
EXC-0188,True,MEDIUM,STALLED_REVIEW,STALLED_REVIEW,stalled_review
EXC-0189,True,HIGH,LONG_RUNNING_EXCEPTION,LONG_RUNNING_EXCEPTION,long_running
EXC-0190,False,NONE,NONE,NONE,clean_expired_revoked
EXC-0191,True,MEDIUM,HIGH_RISK_LONG_EXCEPTION,HIGH_RISK_LONG_EXCEPTION,clean_active
EXC-0192,False,NONE,NONE,NONE,clean_expired_revoked
EXC-0193,True,MEDIUM,HIGH_RISK_LONG_EXCEPTION,HIGH_RISK_LONG_EXCEPTION,clean_active
EXC-0194,True,MEDIUM,HIGH_RISK_LONG_EXCEPTION,HIGH_RISK_LONG_EXCEPTION,clean_active
EXC-0195,True,MEDIUM,HIGH_RISK_LONG_EXCEPTION,HIGH_RISK_LONG_EXCEPTION,clean_active
EXC-0196,True,CRITICAL,EXPIRED_ACTIVE_EXCEPTION,EXPIRED_ACTIVE_EXCEPTION|LONG_RUNNING_EXCEPTION,expired_active
EXC-0197,False,NONE,NONE,NONE,clean_expired_revoked
EXC-0198,False,NONE,NONE,NONE,clean_active
EXC-0199,False,NONE,NONE,NONE,clean_active
EXC-0200,True,CRITICAL,EXPIRED_ACTIVE_EXCEPTION,EXPIRED_ACTIVE_EXCEPTION|LONG_RUNNING_EXCEPTION,expired_active
EXC-0201,True,CRITICAL,EXPIRED_ACTIVE_EXCEPTION,EXPIRED_ACTIVE_EXCEPTION|CRITICAL_RISK_EXCEPTION,expired_active
EXC-0202,False,NONE,NONE,NONE,clean_expired_revoked
EXC-0203,True,HIGH,LONG_RUNNING_EXCEPTION,LONG_RUNNING_EXCEPTION,high_risk_long
EXC-0204,False,NONE,NONE,NONE,clean_expired_revoked
EXC-0205,False,NONE,NONE,NONE,clean_expired_revoked
EXC-0206,True,HIGH,LONG_RUNNING_EXCEPTION,LONG_RUNNING_EXCEPTION,high_risk_long
EXC-0207,False,NONE,NONE,NONE,clean_expired_revoked
EXC-0208,True,HIGH,CRITICAL_RISK_EXCEPTION,CRITICAL_RISK_EXCEPTION,critical_needs_review
EXC-0209,True,HIGH,LONG_RUNNING_EXCEPTION,LONG_RUNNING_EXCEPTION,long_running
EXC-0210,True,MEDIUM,STALLED_REVIEW,STALLED_REVIEW,stalled_review
EXC-0211,True,HIGH,CRITICAL_RISK_EXCEPTION,CRITICAL_RISK_EXCEPTION,critical_needs_review
EXC-0212,True,HIGH,LONG_RUNNING_EXCEPTION,LONG_RUNNING_EXCEPTION,high_risk_long
EXC-0213,False,NONE,NONE,NONE,clean_active
EXC-0214,True,HIGH,CRITICAL_RISK_EXCEPTION,CRITICAL_RISK_EXCEPTION,critical_needs_review
EXC-0215,True,HIGH,CRITICAL_RISK_EXCEPTION,CRITICAL_RISK_EXCEPTION,critical_needs_review
EXC-0216,False,NONE,NONE,NONE,clean_expired_revoked
EXC-0217,True,MEDIUM,STALLED_REVIEW,STALLED_REVIEW,stalled_review
EXC-0218,False,NONE,NONE,NONE,clean_active
EXC-0219,False,NONE,NONE,NONE,clean_active
EXC-0220,True,MEDIUM,HIGH_RISK_LONG_EXCEPTION,HIGH_RISK_LONG_EXCEPTION,clean_active
EXC-0221,False,NONE,NONE,NONE,clean_active
EXC-0222,True,CRITICAL,EXPIRED_ACTIVE_EXCEPTION,EXPIRED_ACTIVE_EXCEPTION|LONG_RUNNING_EXCEPTION,expired_active
EXC-0223,False,NONE,NONE,NONE,clean_active
EXC-0224,True,HIGH,LONG_RUNNING_EXCEPTION,LONG_RUNNING_EXCEPTION,long_running
EXC-0225,True,HIGH,LONG_RUNNING_EXCEPTION,LONG_RUNNING_EXCEPTION,high_risk_long
EXC-0226,True,MEDIUM,STALLED_REVIEW,STALLED_REVIEW,stalled_review
EXC-0227,True,HIGH,LONG_RUNNING_EXCEPTION,LONG_RUNNING_EXCEPTION,high_risk_long
EXC-0228,True,CRITICAL,EXPIRED_ACTIVE_EXCEPTION,EXPIRED_ACTIVE_EXCEPTION|CRITICAL_RISK_EXCEPTION|LONG_RUNNING_EXCEPTION,expired_active
EXC-0229,False,NONE,NONE,NONE,clean_active
EXC-0230,False,NONE,NONE,NONE,clean_expired_revoked
EXC-0231,False,NONE,NONE,NONE,clean_expired_revoked
EXC-0232,True,MEDIUM,HIGH_RISK_LONG_EXCEPTION,HIGH_RISK_LONG_EXCEPTION,high_risk_long
EXC-0233,True,HIGH,LONG_RUNNING_EXCEPTION,LONG_RUNNING_EXCEPTION,long_running
EXC-0234,False,NONE,NONE,NONE,stalled_review
EXC-0235,True,MEDIUM,HIGH_RISK_LONG_EXCEPTION,HIGH_RISK_LONG_EXCEPTION,high_risk_long
EXC-0236,True,MEDIUM,STALLED_REVIEW,STALLED_REVIEW,stalled_review
EXC-0237,False,NONE,NONE,NONE,clean_active
EXC-0238,False,NONE,NONE,NONE,clean_active
EXC-0239,True,HIGH,LONG_RUNNING_EXCEPTION,LONG_RUNNING_EXCEPTION,long_running
EXC-0240,False,NONE,NONE,NONE,clean_expired_revoked
EXC-0241,True,HIGH,CRITICAL_RISK_EXCEPTION,CRITICAL_RISK_EXCEPTION|LONG_RUNNING_EXCEPTION,critical_needs_review
EXC-0242,False,NONE,NONE,NONE,clean_active
EXC-0243,True,CRITICAL,EXPIRED_ACTIVE_EXCEPTION,EXPIRED_ACTIVE_EXCEPTION|CRITICAL_RISK_EXCEPTION,expired_active
EXC-0244,False,NONE,NONE,NONE,clean_expired_revoked
EXC-0245,False,NONE,NONE,NONE,clean_expired_revoked
EXC-0246,False,NONE,NONE,NONE,clean_expired_revoked
EXC-0247,True,CRITICAL,EXPIRED_ACTIVE_EXCEPTION,EXPIRED_ACTIVE_EXCEPTION|LONG_RUNNING_EXCEPTION,expired_active
EXC-0248,False,NONE,NONE,NONE,clean_active
EXC-0249,True,MEDIUM,HIGH_RISK_LONG_EXCEPTION,HIGH_RISK_LONG_EXCEPTION,high_risk_long
EXC-0250,False,NONE,NONE,NONE,clean_active
EXC-0251,True,MEDIUM,HIGH_RISK_LONG_EXCEPTION,HIGH_RISK_LONG_EXCEPTION,high_risk_long
EXC-0252,True,CRITICAL,EXPIRED_ACTIVE_EXCEPTION,EXPIRED_ACTIVE_EXCEPTION|CRITICAL_RISK_EXCEPTION|LONG_RUNNING_EXCEPTION,expired_active
EXC-0253,False,NONE,NONE,NONE,clean_expired_revoked
EXC-0254,True,HIGH,LONG_RUNNING_EXCEPTION,LONG_RUNNING_EXCEPTION,high_risk_long
EXC-0255,False,NONE,NONE,NONE,clean_expired_revoked
EXC-0256,True,MEDIUM,HIGH_RISK_LONG_EXCEPTION,HIGH_RISK_LONG_EXCEPTION,clean_active
EXC-0257,True,CRITICAL,EXPIRED_ACTIVE_EXCEPTION,EXPIRED_ACTIVE_EXCEPTION|CRITICAL_RISK_EXCEPTION|LONG_RUNNING_EXCEPTION,expired_active
EXC-0258,True,CRITICAL,EXPIRED_ACTIVE_EXCEPTION,EXPIRED_ACTIVE_EXCEPTION|CRITICAL_RISK_EXCEPTION|LONG_RUNNING_EXCEPTION,expired_active
EXC-0259,False,NONE,NONE,NONE,clean_active
EXC-0260,False,NONE,NONE,NONE,clean_expired_revoked
EXC-0261,True,MEDIUM,HIGH_RISK_LONG_EXCEPTION,HIGH_RISK_LONG_EXCEPTION,high_risk_long
EXC-0262,False,NONE,NONE,NONE,clean_active
EXC-0263,True,MEDIUM,STALLED_REVIEW,STALLED_REVIEW,stalled_review
EXC-0264,False,NONE,NONE,NONE,clean_active
EXC-0265,True,MEDIUM,HIGH_RISK_LONG_EXCEPTION,HIGH_RISK_LONG_EXCEPTION,clean_active
EXC-0266,True,MEDIUM,HIGH_RISK_LONG_EXCEPTION,HIGH_RISK_LONG_EXCEPTION,clean_active
EXC-0267,False,NONE,NONE,NONE,clean_expired_revoked
EXC-0268,True,HIGH,LONG_RUNNING_EXCEPTION,LONG_RUNNING_EXCEPTION,high_risk_long
EXC-0269,True,HIGH,LONG_RUNNING_EXCEPTION,LONG_RUNNING_EXCEPTION,high_risk_long
EXC-0270,False,NONE,NONE,NONE,clean_active
EXC-0271,False,NONE,NONE,NONE,clean_expired_revoked
EXC-0272,False,NONE,NONE,NONE,clean_active
EXC-0273,True,CRITICAL,EXPIRED_ACTIVE_EXCEPTION,EXPIRED_ACTIVE_EXCEPTION,expired_active
EXC-0274,False,NONE,NONE,NONE,clean_expired_revoked
EXC-0275,False,NONE,NONE,NONE,clean_active
EXC-0276,False,NONE,NONE,NONE,clean_active
EXC-0277,True,HIGH,LONG_RUNNING_EXCEPTION,LONG_RUNNING_EXCEPTION,high_risk_long
EXC-0278,False,NONE,NONE,NONE,clean_expired_revoked
EXC-0279,False,NONE,NONE,NONE,clean_active
EXC-0280,False,NONE,NONE,NONE,clean_expired_revoked
EXC-0281,True,HIGH,CRITICAL_RISK_EXCEPTION,CRITICAL_RISK_EXCEPTION,critical_needs_review
EXC-0282,False,NONE,NONE,NONE,clean_expired_revoked
EXC-0283,False,NONE,NONE,NONE,clean_active
EXC-0284,False,NONE,NONE,NONE,clean_expired_revoked
EXC-0285,False,NONE,NONE,NONE,clean_expired_revoked
EXC-0286,True,MEDIUM,HIGH_RISK_LONG_EXCEPTION,HIGH_RISK_LONG_EXCEPTION,clean_active
EXC-0287,False,NONE,NONE,NONE,clean_active
EXC-0288,False,NONE,NONE,NONE,clean_active
EXC-0289,False,NONE,NONE,NONE,clean_active
EXC-0290,True,HIGH,LONG_RUNNING_EXCEPTION,LONG_RUNNING_EXCEPTION,high_risk_long
EXC-0291,True,MEDIUM,HIGH_RISK_LONG_EXCEPTION,HIGH_RISK_LONG_EXCEPTION,clean_active
EXC-0292,False,NONE,NONE,NONE,clean_active
EXC-0293,False,NONE,NONE,NONE,clean_active
EXC-0294,True,HIGH,LONG_RUNNING_EXCEPTION,LONG_RUNNING_EXCEPTION,long_running
EXC-0295,True,HIGH,LONG_RUNNING_EXCEPTION,LONG_RUNNING_EXCEPTION,high_risk_long
EXC-0296,False,NONE,NONE,NONE,clean_active
EXC-0297,True,HIGH,LONG_RUNNING_EXCEPTION,LONG_RUNNING_EXCEPTION,long_running
EXC-0298,True,MEDIUM,HIGH_RISK_LONG_EXCEPTION,HIGH_RISK_LONG_EXCEPTION,clean_active
EXC-0299,False,NONE,NONE,NONE,clean_expired_revoked
EXC-0300,False,NONE,NONE,NONE,clean_active
EXC-0301,False,NONE,NONE,NONE,clean_expired_revoked
EXC-0302,False,NONE,NONE,NONE,clean_expired_revoked
EXC-0303,True,MEDIUM,HIGH_RISK_LONG_EXCEPTION,HIGH_RISK_LONG_EXCEPTION,clean_active
EXC-0304,True,MEDIUM,STALLED_REVIEW,STALLED_REVIEW,stalled_review
EXC-0305,False,NONE,NONE,NONE,clean_expired_revoked
EXC-0306,True,MEDIUM,STALLED_REVIEW,STALLED_REVIEW,stalled_review
EXC-0307,False,NONE,NONE,NONE,clean_expired_revoked
EXC-0308,False,NONE,NONE,NONE,clean_expired_revoked
EXC-0309,True,MEDIUM,STALLED_REVIEW,STALLED_REVIEW,stalled_review
EXC-0310,True,MEDIUM,HIGH_RISK_LONG_EXCEPTION,HIGH_RISK_LONG_EXCEPTION,clean_active
EXC-0311,False,NONE,NONE,NONE,clean_active
EXC-0312,False,NONE,NONE,NONE,clean_active
EXC-0313,False,NONE,NONE,NONE,clean_active
EXC-0314,True,HIGH,LONG_RUNNING_EXCEPTION,LONG_RUNNING_EXCEPTION,long_running
EXC-0315,False,NONE,NONE,NONE,clean_expired_revoked
EXC-0316,True,HIGH,CRITICAL_RISK_EXCEPTION,CRITICAL_RISK_EXCEPTION,critical_needs_review
EXC-0317,True,CRITICAL,EXPIRED_ACTIVE_EXCEPTION,EXPIRED_ACTIVE_EXCEPTION,expired_active
EXC-0318,True,MEDIUM,HIGH_RISK_LONG_EXCEPTION,HIGH_RISK_LONG_EXCEPTION,clean_active
EXC-0319,False,NONE,NONE,NONE,clean_expired_revoked
EXC-0320,False,NONE,NONE,NONE,clean_active
EXC-0321,False,NONE,NONE,NONE,clean_active
EXC-0322,True,MEDIUM,HIGH_RISK_LONG_EXCEPTION,HIGH_RISK_LONG_EXCEPTION,clean_active
EXC-0323,True,HIGH,CRITICAL_RISK_EXCEPTION,CRITICAL_RISK_EXCEPTION,critical_needs_review
EXC-0324,False,NONE,NONE,NONE,clean_active
EXC-0325,False,NONE,NONE,NONE,clean_active
EXC-0326,False,NONE,NONE,NONE,clean_active
EXC-0327,True,HIGH,LONG_RUNNING_EXCEPTION,LONG_RUNNING_EXCEPTION,long_running
EXC-0328,False,NONE,NONE,NONE,clean_expired_revoked
EXC-0329,False,NONE,NONE,NONE,clean_expired_revoked
EXC-0330,False,NONE,NONE,NONE,clean_active
EXC-0331,False,NONE,NONE,NONE,clean_expired_revoked
EXC-0332,False,NONE,NONE,NONE,clean_active
EXC-0333,True,HIGH,LONG_RUNNING_EXCEPTION,LONG_RUNNING_EXCEPTION,long_running
EXC-0334,False,NONE,NONE,NONE,clean_expired_revoked
EXC-0335,True,HIGH,CRITICAL_RISK_EXCEPTION,CRITICAL_RISK_EXCEPTION,critical_needs_review
EXC-0336,False,NONE,NONE,NONE,clean_expired_revoked
EXC-0337,True,MEDIUM,STALLED_REVIEW,STALLED_REVIEW,stalled_review
EXC-0338,True,CRITICAL,EXPIRED_ACTIVE_EXCEPTION,EXPIRED_ACTIVE_EXCEPTION|CRITICAL_RISK_EXCEPTION,expired_active
EXC-0339,True,HIGH,CRITICAL_RISK_EXCEPTION,CRITICAL_RISK_EXCEPTION|LONG_RUNNING_EXCEPTION,critical_needs_review
EXC-0340,True,MEDIUM,HIGH_RISK_LONG_EXCEPTION,HIGH_RISK_LONG_EXCEPTION,clean_active
EXC-0341,True,MEDIUM,HIGH_RISK_LONG_EXCEPTION,HIGH_RISK_LONG_EXCEPTION,clean_active
EXC-0342,False,NONE,NONE,NONE,clean_expired_revoked
EXC-0343,False,NONE,NONE,NONE,clean_expired_revoked
EXC-0344,True,MEDIUM,STALLED_REVIEW,STALLED_REVIEW,stalled_review
EXC-0345,False,NONE,NONE,NONE,clean_active
EXC-0346,True,MEDIUM,STALLED_REVIEW,STALLED_REVIEW,stalled_review
EXC-0347,False,NONE,NONE,NONE,clean_expired_revoked
EXC-0348,False,NONE,NONE,NONE,clean_active
EXC-0349,True,HIGH,CRITICAL_RISK_EXCEPTION,CRITICAL_RISK_EXCEPTION,critical_needs_review
EXC-0350,True,HIGH,CRITICAL_RISK_EXCEPTION,CRITICAL_RISK_EXCEPTION|LONG_RUNNING_EXCEPTION,critical_needs_review
EXC-0351,True,HIGH,LONG_RUNNING_EXCEPTION,LONG_RUNNING_EXCEPTION,long_running
EXC-0352,True,MEDIUM,STALLED_REVIEW,STALLED_REVIEW,stalled_review
EXC-0353,False,NONE,NONE,NONE,clean_active
EXC-0354,True,MEDIUM,HIGH_RISK_LONG_EXCEPTION,HIGH_RISK_LONG_EXCEPTION,high_risk_long
EXC-0355,False,NONE,NONE,NONE,clean_active
EXC-0356,False,NONE,NONE,NONE,clean_active
EXC-0357,False,NONE,NONE,NONE,clean_active
EXC-0358,False,NONE,NONE,NONE,clean_expired_revoked
EXC-0359,True,MEDIUM,HIGH_RISK_LONG_EXCEPTION,HIGH_RISK_LONG_EXCEPTION,clean_active
EXC-0360,True,HIGH,LONG_RUNNING_EXCEPTION,LONG_RUNNING_EXCEPTION,long_running
EXC-0361,False,NONE,NONE,NONE,clean_active
EXC-0362,False,NONE,NONE,NONE,clean_active
EXC-0363,False,NONE,NONE,NONE,clean_expired_revoked
EXC-0364,True,HIGH,LONG_RUNNING_EXCEPTION,LONG_RUNNING_EXCEPTION,high_risk_long
EXC-0365,False,NONE,NONE,NONE,clean_active
EXC-0366,False,NONE,NONE,NONE,clean_active
EXC-0367,True,HIGH,LONG_RUNNING_EXCEPTION,LONG_RUNNING_EXCEPTION,high_risk_long
EXC-0368,True,CRITICAL,EXPIRED_ACTIVE_EXCEPTION,EXPIRED_ACTIVE_EXCEPTION|LONG_RUNNING_EXCEPTION,expired_active
EXC-0369,True,CRITICAL,EXPIRED_ACTIVE_EXCEPTION,EXPIRED_ACTIVE_EXCEPTION|CRITICAL_RISK_EXCEPTION|LONG_RUNNING_EXCEPTION,expired_active
EXC-0370,True,MEDIUM,HIGH_RISK_LONG_EXCEPTION,HIGH_RISK_LONG_EXCEPTION,clean_active
EXC-0371,False,NONE,NONE,NONE,clean_expired_revoked
EXC-0372,False,NONE,NONE,NONE,clean_expired_revoked
EXC-0373,False,NONE,NONE,NONE,clean_active
EXC-0374,True,CRITICAL,EXPIRED_ACTIVE_EXCEPTION,EXPIRED_ACTIVE_EXCEPTION|CRITICAL_RISK_EXCEPTION|LONG_RUNNING_EXCEPTION,expired_active
EXC-0375,True,CRITICAL,EXPIRED_ACTIVE_EXCEPTION,EXPIRED_ACTIVE_EXCEPTION|LONG_RUNNING_EXCEPTION,expired_active
EXC-0376,False,NONE,NONE,NONE,clean_expired_revoked
EXC-0377,False,NONE,NONE,NONE,clean_expired_revoked
EXC-0378,True,HIGH,LONG_RUNNING_EXCEPTION,LONG_RUNNING_EXCEPTION,long_running
EXC-0379,False,NONE,NONE,NONE,clean_expired_revoked
EXC-0380,False,NONE,NONE,NONE,clean_active
EXC-0381,True,CRITICAL,EXPIRED_ACTIVE_EXCEPTION,EXPIRED_ACTIVE_EXCEPTION|CRITICAL_RISK_EXCEPTION,expired_active
EXC-0382,True,MEDIUM,STALLED_REVIEW,STALLED_REVIEW,stalled_review
EXC-0383,False,NONE,NONE,NONE,clean_expired_revoked
EXC-0384,True,HIGH,LONG_RUNNING_EXCEPTION,LONG_RUNNING_EXCEPTION,long_running
EXC-0385,False,NONE,NONE,NONE,clean_expired_revoked
EXC-0386,True,HIGH,CRITICAL_RISK_EXCEPTION,CRITICAL_RISK_EXCEPTION,critical_needs_review
EXC-0387,False,NONE,NONE,NONE,clean_active
EXC-0388,False,NONE,NONE,NONE,clean_active
EXC-0389,False,NONE,NONE,NONE,clean_expired_revoked
EXC-0390,False,NONE,NONE,NONE,clean_active
EXC-0391,False,NONE,NONE,NONE,clean_expired_revoked
EXC-0392,True,MEDIUM,HIGH_RISK_LONG_EXCEPTION,HIGH_RISK_LONG_EXCEPTION,clean_active
EXC-0393,False,NONE,NONE,NONE,clean_expired_revoked
EXC-0394,False,NONE,NONE,NONE,clean_expired_revoked
EXC-0395,True,MEDIUM,HIGH_RISK_LONG_EXCEPTION,HIGH_RISK_LONG_EXCEPTION,clean_active
EXC-0396,True,HIGH,LONG_RUNNING_EXCEPTION,LONG_RUNNING_EXCEPTION,long_running
EXC-0397,False,NONE,NONE,NONE,clean_active
EXC-0398,False,NONE,NONE,NONE,clean_expired_revoked
EXC-0399,False,NONE,NONE,NONE,clean_expired_revoked
EXC-0400,True,MEDIUM,HIGH_RISK_LONG_EXCEPTION,HIGH_RISK_LONG_EXCEPTION,clean_active
EXC-0401,True,HIGH,LONG_RUNNING_EXCEPTION,LONG_RUNNING_EXCEPTION,long_running
EXC-0402,False,NONE,NONE,NONE,clean_expired_revoked
EXC-0403,True,MEDIUM,HIGH_RISK_LONG_EXCEPTION,HIGH_RISK_LONG_EXCEPTION,clean_active
EXC-0404,False,NONE,NONE,NONE,clean_expired_revoked
EXC-0405,True,HIGH,LONG_RUNNING_EXCEPTION,LONG_RUNNING_EXCEPTION,high_risk_long
EXC-0406,True,HIGH,LONG_RUNNING_EXCEPTION,LONG_RUNNING_EXCEPTION,long_running
EXC-0407,False,NONE,NONE,NONE,clean_expired_revoked
EXC-0408,True,MEDIUM,HIGH_RISK_LONG_EXCEPTION,HIGH_RISK_LONG_EXCEPTION,clean_active
EXC-0409,False,NONE,NONE,NONE,clean_active
EXC-0410,True,HIGH,CRITICAL_RISK_EXCEPTION,CRITICAL_RISK_EXCEPTION,critical_needs_review
EXC-0411,True,HIGH,CRITICAL_RISK_EXCEPTION,CRITICAL_RISK_EXCEPTION,critical_needs_review
EXC-0412,False,NONE,NONE,NONE,clean_active
EXC-0413,False,NONE,NONE,NONE,clean_active
EXC-0414,False,NONE,NONE,NONE,clean_expired_revoked
EXC-0415,True,CRITICAL,EXPIRED_ACTIVE_EXCEPTION,EXPIRED_ACTIVE_EXCEPTION|HIGH_RISK_LONG_EXCEPTION,expired_active
EXC-0416,False,NONE,NONE,NONE,clean_active
EXC-0417,False,NONE,NONE,NONE,clean_active
EXC-0418,True,HIGH,CRITICAL_RISK_EXCEPTION,CRITICAL_RISK_EXCEPTION|LONG_RUNNING_EXCEPTION,critical_needs_review
EXC-0419,True,HIGH,CRITICAL_RISK_EXCEPTION,CRITICAL_RISK_EXCEPTION,critical_needs_review
EXC-0420,False,NONE,NONE,NONE,clean_active
EXC-0421,True,HIGH,LONG_RUNNING_EXCEPTION,LONG_RUNNING_EXCEPTION,high_risk_long
EXC-0422,True,CRITICAL,EXPIRED_ACTIVE_EXCEPTION,EXPIRED_ACTIVE_EXCEPTION,expired_active
EXC-0423,True,HIGH,LONG_RUNNING_EXCEPTION,LONG_RUNNING_EXCEPTION,high_risk_long
EXC-0424,True,MEDIUM,HIGH_RISK_LONG_EXCEPTION,HIGH_RISK_LONG_EXCEPTION,high_risk_long
EXC-0425,False,NONE,NONE,NONE,clean_active
EXC-0426,False,NONE,NONE,NONE,clean_expired_revoked
EXC-0427,False,NONE,NONE,NONE,clean_expired_revoked
EXC-0428,True,CRITICAL,EXPIRED_ACTIVE_EXCEPTION,EXPIRED_ACTIVE_EXCEPTION|CRITICAL_RISK_EXCEPTION|LONG_RUNNING_EXCEPTION,expired_active
EXC-0429,False,NONE,NONE,NONE,clean_expired_revoked
EXC-0430,True,HIGH,LONG_RUNNING_EXCEPTION,LONG_RUNNING_EXCEPTION,high_risk_long
EXC-0431,False,NONE,NONE,NONE,clean_active
EXC-0432,True,CRITICAL,EXPIRED_ACTIVE_EXCEPTION,EXPIRED_ACTIVE_EXCEPTION|CRITICAL_RISK_EXCEPTION,expired_active
EXC-0433,False,NONE,NONE,NONE,clean_expired_revoked
EXC-0434,False,NONE,NONE,NONE,clean_active
EXC-0435,False,NONE,NONE,NONE,clean_expired_revoked
EXC-0436,True,HIGH,LONG_RUNNING_EXCEPTION,LONG_RUNNING_EXCEPTION,long_running
EXC-0437,False,NONE,NONE,NONE,clean_active
EXC-0438,True,MEDIUM,STALLED_REVIEW,STALLED_REVIEW,stalled_review
EXC-0439,False,NONE,NONE,NONE,clean_expired_revoked
EXC-0440,True,HIGH,LONG_RUNNING_EXCEPTION,LONG_RUNNING_EXCEPTION,long_running
EXC-0441,False,NONE,NONE,NONE,clean_active
EXC-0442,False,NONE,NONE,NONE,clean_expired_revoked
EXC-0443,True,MEDIUM,HIGH_RISK_LONG_EXCEPTION,HIGH_RISK_LONG_EXCEPTION,clean_active
EXC-0444,False,NONE,NONE,NONE,clean_active
EXC-0445,True,HIGH,LONG_RUNNING_EXCEPTION,LONG_RUNNING_EXCEPTION,high_risk_long
EXC-0446,True,MEDIUM,HIGH_RISK_LONG_EXCEPTION,HIGH_RISK_LONG_EXCEPTION,clean_active
EXC-0447,False,NONE,NONE,NONE,clean_active
EXC-0448,True,HIGH,CRITICAL_RISK_EXCEPTION,CRITICAL_RISK_EXCEPTION,critical_needs_review
EXC-0449,False,NONE,NONE,NONE,clean_active
EXC-0450,True,HIGH,LONG_RUNNING_EXCEPTION,LONG_RUNNING_EXCEPTION,long_running
EXC-0451,False,NONE,NONE,NONE,clean_active
EXC-0452,False,NONE,NONE,NONE,clean_active
EXC-0453,False,NONE,NONE,NONE,clean_expired_revoked
EXC-0454,False,NONE,NONE,NONE,clean_active
EXC-0455,False,NONE,NONE,NONE,clean_active
EXC-0456,False,NONE,NONE,NONE,clean_expired_revoked
EXC-0457,True,CRITICAL,EXPIRED_ACTIVE_EXCEPTION,EXPIRED_ACTIVE_EXCEPTION|CRITICAL_RISK_EXCEPTION,expired_active
EXC-0458,False,NONE,NONE,NONE,clean_active
EXC-0459,False,NONE,NONE,NONE,clean_expired_revoked
EXC-0460,False,NONE,NONE,NONE,clean_active
EXC-0461,True,MEDIUM,HIGH_RISK_LONG_EXCEPTION,HIGH_RISK_LONG_EXCEPTION,high_risk_long
EXC-0462,False,NONE,NONE,NONE,clean_expired_revoked
EXC-0463,True,MEDIUM,STALLED_REVIEW,STALLED_REVIEW,stalled_review
EXC-0464,False,NONE,NONE,NONE,clean_active
EXC-0465,False,NONE,NONE,NONE,clean_active
EXC-0466,True,MEDIUM,HIGH_RISK_LONG_EXCEPTION,HIGH_RISK_LONG_EXCEPTION,high_risk_long
EXC-0467,False,NONE,NONE,NONE,clean_active
EXC-0468,False,NONE,NONE,NONE,clean_expired_revoked
EXC-0469,False,NONE,NONE,NONE,clean_expired_revoked
EXC-0470,False,NONE,NONE,NONE,clean_active
EXC-0471,True,HIGH,CRITICAL_RISK_EXCEPTION,CRITICAL_RISK_EXCEPTION,critical_needs_review
EXC-0472,True,MEDIUM,HIGH_RISK_LONG_EXCEPTION,HIGH_RISK_LONG_EXCEPTION,clean_active
EXC-0473,False,NONE,NONE,NONE,clean_expired_revoked
EXC-0474,True,CRITICAL,EXPIRED_ACTIVE_EXCEPTION,EXPIRED_ACTIVE_EXCEPTION|LONG_RUNNING_EXCEPTION,expired_active
EXC-0475,False,NONE,NONE,NONE,clean_expired_revoked
EXC-0476,True,MEDIUM,HIGH_RISK_LONG_EXCEPTION,HIGH_RISK_LONG_EXCEPTION,clean_active
EXC-0477,True,MEDIUM,HIGH_RISK_LONG_EXCEPTION,HIGH_RISK_LONG_EXCEPTION,high_risk_long
EXC-0478,False,NONE,NONE,NONE,clean_expired_revoked
EXC-0479,False,NONE,NONE,NONE,clean_active
EXC-0480,False,NONE,NONE,NONE,clean_expired_revoked
EXC-0481,True,MEDIUM,STALLED_REVIEW,STALLED_REVIEW,stalled_review
EXC-0482,True,MEDIUM,STALLED_REVIEW,STALLED_REVIEW,stalled_review
EXC-0483,False,NONE,NONE,NONE,clean_expired_revoked
EXC-0484,False,NONE,NONE,NONE,clean_active
EXC-0485,False,NONE,NONE,NONE,clean_expired_revoked
EXC-0486,False,NONE,NONE,NONE,clean_expired_revoked
EXC-0487,False,NONE,NONE,NONE,clean_expired_revoked
EXC-0488,False,NONE,NONE,NONE,clean_expired_revoked
EXC-0489,False,NONE,NONE,NONE,clean_active
EXC-0490,True,HIGH,LONG_RUNNING_EXCEPTION,LONG_RUNNING_EXCEPTION,long_running
EXC-0491,True,HIGH,CRITICAL_RISK_EXCEPTION,CRITICAL_RISK_EXCEPTION,critical_needs_review
EXC-0492,True,MEDIUM,HIGH_RISK_LONG_EXCEPTION,HIGH_RISK_LONG_EXCEPTION,clean_active
EXC-0493,True,CRITICAL,EXPIRED_ACTIVE_EXCEPTION,EXPIRED_ACTIVE_EXCEPTION|LONG_RUNNING_EXCEPTION,expired_active
EXC-0494,False,NONE,NONE,NONE,clean_active
EXC-0495,False,NONE,NONE,NONE,clean_expired_revoked
EXC-0496,True,MEDIUM,HIGH_RISK_LONG_EXCEPTION,HIGH_RISK_LONG_EXCEPTION,clean_active
EXC-0497,False,NONE,NONE,NONE,clean_active
EXC-0498,True,HIGH,CRITICAL_RISK_EXCEPTION,CRITICAL_RISK_EXCEPTION,critical_needs_review
EXC-0499,True,HIGH,LONG_RUNNING_EXCEPTION,LONG_RUNNING_EXCEPTION,long_running
EXC-0500,True,MEDIUM,STALLED_REVIEW,STALLED_REVIEW,stalled_review
EXC-0501,True,MEDIUM,STALLED_REVIEW,STALLED_REVIEW,stalled_review
EXC-0502,False,NONE,NONE,NONE,clean_active
EXC-0503,False,NONE,NONE,NONE,clean_expired_revoked
EXC-0504,True,MEDIUM,STALLED_REVIEW,STALLED_REVIEW,stalled_review
EXC-0505,False,NONE,NONE,NONE,clean_active
EXC-0506,False,NONE,NONE,NONE,clean_active
EXC-0507,True,HIGH,LONG_RUNNING_EXCEPTION,LONG_RUNNING_EXCEPTION,high_risk_long
EXC-0508,False,NONE,NONE,NONE,clean_active
EXC-0509,False,NONE,NONE,NONE,clean_active
EXC-0510,False,NONE,NONE,NONE,clean_active
EXC-0511,True,HIGH,LONG_RUNNING_EXCEPTION,LONG_RUNNING_EXCEPTION,high_risk_long
EXC-0512,False,NONE,NONE,NONE,clean_expired_revoked
EXC-0513,False,NONE,NONE,NONE,clean_active
EXC-0514,True,HIGH,LONG_RUNNING_EXCEPTION,LONG_RUNNING_EXCEPTION,high_risk_long
EXC-0515,False,NONE,NONE,NONE,clean_expired_revoked
EXC-0516,True,MEDIUM,HIGH_RISK_LONG_EXCEPTION,HIGH_RISK_LONG_EXCEPTION,clean_active
EXC-0517,False,NONE,NONE,NONE,clean_expired_revoked
EXC-0518,True,MEDIUM,STALLED_REVIEW,STALLED_REVIEW,stalled_review
EXC-0519,False,NONE,NONE,NONE,clean_active
EXC-0520,True,MEDIUM,STALLED_REVIEW,STALLED_REVIEW,stalled_review
EXC-0521,True,HIGH,CRITICAL_RISK_EXCEPTION,CRITICAL_RISK_EXCEPTION,critical_needs_review
EXC-0522,False,NONE,NONE,NONE,clean_active
EXC-0523,False,NONE,NONE,NONE,clean_active
EXC-0524,True,MEDIUM,HIGH_RISK_LONG_EXCEPTION,HIGH_RISK_LONG_EXCEPTION,clean_active
EXC-0525,False,NONE,NONE,NONE,clean_expired_revoked
EXC-0526,False,NONE,NONE,NONE,clean_active
EXC-0527,True,HIGH,CRITICAL_RISK_EXCEPTION,CRITICAL_RISK_EXCEPTION,critical_needs_review
EXC-0528,True,MEDIUM,HIGH_RISK_LONG_EXCEPTION,HIGH_RISK_LONG_EXCEPTION,clean_active
EXC-0529,False,NONE,NONE,NONE,clean_active
EXC-0530,False,NONE,NONE,NONE,clean_active
EXC-0531,False,NONE,NONE,NONE,clean_active
EXC-0532,False,NONE,NONE,NONE,clean_expired_revoked
EXC-0533,True,MEDIUM,HIGH_RISK_LONG_EXCEPTION,HIGH_RISK_LONG_EXCEPTION,high_risk_long
EXC-0534,False,NONE,NONE,NONE,clean_expired_revoked
EXC-0535,True,MEDIUM,STALLED_REVIEW,STALLED_REVIEW,stalled_review
EXC-0536,True,HIGH,LONG_RUNNING_EXCEPTION,LONG_RUNNING_EXCEPTION,long_running
EXC-0537,False,NONE,NONE,NONE,clean_active
EXC-0538,True,MEDIUM,STALLED_REVIEW,STALLED_REVIEW,stalled_review
EXC-0539,False,NONE,NONE,NONE,clean_active
EXC-0540,False,NONE,NONE,NONE,clean_active
EXC-0541,True,MEDIUM,HIGH_RISK_LONG_EXCEPTION,HIGH_RISK_LONG_EXCEPTION,high_risk_long
EXC-0542,False,NONE,NONE,NONE,clean_active
EXC-0543,False,NONE,NONE,NONE,clean_expired_revoked
EXC-0544,False,NONE,NONE,NONE,clean_expired_revoked
EXC-0545,False,NONE,NONE,NONE,clean_expired_revoked
EXC-0546,True,HIGH,LONG_RUNNING_EXCEPTION,LONG_RUNNING_EXCEPTION,long_running
EXC-0547,False,NONE,NONE,NONE,clean_expired_revoked
EXC-0548,True,HIGH,LONG_RUNNING_EXCEPTION,LONG_RUNNING_EXCEPTION,long_running
EXC-0549,True,MEDIUM,HIGH_RISK_LONG_EXCEPTION,HIGH_RISK_LONG_EXCEPTION,clean_active
EXC-0550,False,NONE,NONE,NONE,clean_active
EXC-0551,True,HIGH,CRITICAL_RISK_EXCEPTION,CRITICAL_RISK_EXCEPTION|LONG_RUNNING_EXCEPTION,critical_needs_review
EXC-0552,True,HIGH,CRITICAL_RISK_EXCEPTION,CRITICAL_RISK_EXCEPTION,critical_needs_review
EXC-0553,True,MEDIUM,STALLED_REVIEW,STALLED_REVIEW,stalled_review
EXC-0554,False,NONE,NONE,NONE,clean_active
EXC-0555,False,NONE,NONE,NONE,clean_active
EXC-0556,True,HIGH,LONG_RUNNING_EXCEPTION,LONG_RUNNING_EXCEPTION,long_running
EXC-0557,True,MEDIUM,HIGH_RISK_LONG_EXCEPTION,HIGH_RISK_LONG_EXCEPTION,clean_active
EXC-0558,True,HIGH,LONG_RUNNING_EXCEPTION,LONG_RUNNING_EXCEPTION,high_risk_long
EXC-0559,False,NONE,NONE,NONE,clean_expired_revoked
EXC-0560,False,NONE,NONE,NONE,clean_expired_revoked
EXC-0561,True,HIGH,CRITICAL_RISK_EXCEPTION,CRITICAL_RISK_EXCEPTION,critical_needs_review
EXC-0562,False,NONE,NONE,NONE,clean_active
EXC-0563,False,NONE,NONE,NONE,clean_active
EXC-0564,False,NONE,NONE,NONE,clean_active
EXC-0565,True,HIGH,LONG_RUNNING_EXCEPTION,LONG_RUNNING_EXCEPTION,long_running
EXC-0566,True,MEDIUM,HIGH_RISK_LONG_EXCEPTION,HIGH_RISK_LONG_EXCEPTION,clean_active
EXC-0567,True,HIGH,LONG_RUNNING_EXCEPTION,LONG_RUNNING_EXCEPTION,long_running
EXC-0568,False,NONE,NONE,NONE,clean_expired_revoked
EXC-0569,True,MEDIUM,HIGH_RISK_LONG_EXCEPTION,HIGH_RISK_LONG_EXCEPTION,clean_active
EXC-0570,True,MEDIUM,STALLED_REVIEW,STALLED_REVIEW,stalled_review
EXC-0571,True,HIGH,LONG_RUNNING_EXCEPTION,LONG_RUNNING_EXCEPTION,high_risk_long
EXC-0572,False,NONE,NONE,NONE,clean_expired_revoked
EXC-0573,False,NONE,NONE,NONE,clean_active
EXC-0574,False,NONE,NONE,NONE,clean_expired_revoked
EXC-0575,True,MEDIUM,HIGH_RISK_LONG_EXCEPTION,HIGH_RISK_LONG_EXCEPTION,high_risk_long
EXC-0576,True,CRITICAL,EXPIRED_ACTIVE_EXCEPTION,EXPIRED_ACTIVE_EXCEPTION|CRITICAL_RISK_EXCEPTION|LONG_RUNNING_EXCEPTION,expired_active
EXC-0577,True,MEDIUM,HIGH_RISK_LONG_EXCEPTION,HIGH_RISK_LONG_EXCEPTION,clean_active
EXC-0578,False,NONE,NONE,NONE,clean_expired_revoked
EXC-0579,False,NONE,NONE,NONE,clean_active
EXC-0580,False,NONE,NONE,NONE,clean_active
EXC-0581,False,NONE,NONE,NONE,clean_expired_revoked
EXC-0582,True,MEDIUM,STALLED_REVIEW,STALLED_REVIEW,stalled_review
EXC-0583,False,NONE,NONE,NONE,clean_expired_revoked
EXC-0584,True,CRITICAL,EXPIRED_ACTIVE_EXCEPTION,EXPIRED_ACTIVE_EXCEPTION|HIGH_RISK_LONG_EXCEPTION,expired_active
EXC-0585,False,NONE,NONE,NONE,clean_expired_revoked
EXC-0586,True,MEDIUM,HIGH_RISK_LONG_EXCEPTION,HIGH_RISK_LONG_EXCEPTION,clean_active
EXC-0587,False,NONE,NONE,NONE,clean_active
EXC-0588,True,HIGH,LONG_RUNNING_EXCEPTION,LONG_RUNNING_EXCEPTION,long_running
EXC-0589,True,CRITICAL,EXPIRED_ACTIVE_EXCEPTION,EXPIRED_ACTIVE_EXCEPTION|CRITICAL_RISK_EXCEPTION|LONG_RUNNING_EXCEPTION,expired_active
EXC-0590,True,CRITICAL,EXPIRED_ACTIVE_EXCEPTION,EXPIRED_ACTIVE_EXCEPTION|LONG_RUNNING_EXCEPTION,expired_active
EXC-0591,False,NONE,NONE,NONE,clean_active
EXC-0592,True,HIGH,LONG_RUNNING_EXCEPTION,LONG_RUNNING_EXCEPTION,long_running
EXC-0593,False,NONE,NONE,NONE,clean_expired_revoked
EXC-0594,True,HIGH,LONG_RUNNING_EXCEPTION,LONG_RUNNING_EXCEPTION,long_running
EXC-0595,True,HIGH,LONG_RUNNING_EXCEPTION,LONG_RUNNING_EXCEPTION,high_risk_long
EXC-0596,False,NONE,NONE,NONE,clean_active
EXC-0597,False,NONE,NONE,NONE,clean_active
EXC-0598,False,NONE,NONE,NONE,clean_active
EXC-0599,True,CRITICAL,EXPIRED_ACTIVE_EXCEPTION,EXPIRED_ACTIVE_EXCEPTION|CRITICAL_RISK_EXCEPTION|LONG_RUNNING_EXCEPTION,expired_active
EXC-0600,True,HIGH,LONG_RUNNING_EXCEPTION,LONG_RUNNING_EXCEPTION,long_running
